文件名,总行数,表格总行数,图片总行数,图片总高度,一行文本高度
10-688419.SH_耐科装备_一轮反馈回复.pdf,16156,3858,425.09,4488.93,10.56
773-688052.SH_纳芯微_一轮反馈回复.pdf,11175,3603,75.16,793.68,10.56
567-688150.SH_莱特光电_一轮反馈回复.pdf,13210,3597,420.08,3780.70,9.00
731-688183.SH_生益电子_一轮反馈回复.pdf,20393,5185,250.26,2252.30,9.00
223-688439.SH_振华风光_二轮反馈回复.pdf,6254,1190,22.63,203.70,9.00
463-688051.SH_佳华科技_二轮反馈回复.pdf,5813,1001,119.45,1254.20,10.50
39-688168.SH_安博通_二轮反馈回复.pdf,3771,751,0.00,0.00,9.00
208-688086.SH_紫晶_一轮反馈回复.pdf,15832,3082,665.23,5987.04,9.00
838-688333.SH_铂力特_一轮反馈回复.pdf,13890,2761,96.20,865.84,9.00
757-688661.SH_和林微纳_一轮反馈回复.pdf,14237,2861,135.22,1427.92,10.56
991-688029.SH_南微医学_二轮反馈回复.pdf,4040,758,100.38,1204.50,12.00
739-688536.SH_思瑞浦_一轮反馈回复.pdf,6431,1144,31.14,373.73,12.00
754-688022.SH_瀚川智能_二轮反馈回复.pdf,4292,906,18.49,168.65,9.12
1111-688301.SH_奕瑞科技_三轮反馈回复.pdf,1641,124,26.24,275.52,10.50
449-688018.SH_乐鑫科技_三轮反馈回复.pdf,1848,368,140.07,1680.83,12.00
825-688526.SH_科前生物_四轮反馈回复.pdf,3946,343,37.40,336.59,9.00
290-688416.SH_恒烁股份_二轮反馈回复.pdf,1798,266,63.38,669.30,10.56
1128-688699.SH_明微电子_二轮反馈回复.pdf,2347,363,171.78,1546.00,9.00
807-688100.SH_威胜信息_一轮反馈回复.pdf,10908,1871,80.44,844.65,10.50
358-688566.SH_吉贝尔_三轮反馈回复.pdf,2396,298,18.86,169.75,9.00
660-688091.SH_上海谊众-U_二轮反馈回复.pdf,3467,699,96.40,867.60,9.00
721-688321.SH_微芯生物_一轮反馈回复.pdf,5939,875,68.40,618.83,9.05
856-688225.SH_亚信安全_二轮反馈回复.pdf,998,72,63.84,670.35,10.50
592-688660.SH_电气风电_二轮反馈回复.pdf,929,113,0.00,0.00,9.00
638-688217.SH_睿昂基因_三轮反馈回复.pdf,1224,171,0.00,0.00,11.04
235-688041.SH_海光信息_二轮反馈回复.pdf,3757,544,0.00,0.00,9.00
973-688772.SH_珠海冠宇_一轮反馈回复.pdf,28478,5920,457.29,4115.62,9.00
167-688279.SH_峰岹科技_一轮反馈回复.pdf,3398,659,556.65,5009.86,9.00
442-688055.SH_龙腾光电_二轮反馈回复.pdf,1601,180,43.80,394.20,9.00
450-688018.SH_乐鑫科技_二轮反馈回复.pdf,4964,659,0.00,0.00,9.00
912-688296.SH_和达科技_一轮反馈回复.pdf,8350,1653,19.22,175.28,9.12
198-688325.SH_赛微微电_二轮反馈回复.pdf,997,151,0.00,0.00,9.00
633-688265.SH_南模生物_一轮反馈回复.pdf,14087,2958,26.50,278.28,10.50
236-688041.SH_海光信息_一轮反馈回复.pdf,12420,2750,321.53,2893.74,9.00
340-688218.SH_江苏北人_四轮反馈回复.pdf,1487,240,0.00,0.00,9.00
31-688177.SH_百奥泰_二轮反馈回复.pdf,3702,1576,0.00,0.00,9.00
781-688698.SH_伟创电气_一轮反馈回复.pdf,11623,2692,46.02,485.95,10.56
830-688667.SH_菱电电控_一轮反馈回复.pdf,11103,2609,199.80,1798.18,9.00
813-688516.SH_奥特维_二轮反馈回复.pdf,3394,864,0.00,0.00,9.00
88-688169.SH_石头科技_二轮反馈回复.pdf,8732,898,53.14,561.12,10.56
187-688268.SH_华特气体_四轮反馈回复.pdf,1516,167,0.00,0.00,9.00
1119-688057.SH_金达莱_二轮反馈回复.pdf,6598,785,41.20,370.80,9.00
945-688009.SH_中国通号_二轮反馈回复.pdf,8553,1853,106.73,960.60,9.00
834-688038.SH_中科通达_二轮反馈回复.pdf,5789,1907,4.52,40.65,9.00
900-688298.SH_东方生物_三轮反馈回复.pdf,5273,1012,48.67,438.04,9.00
95-688277.SH_天智航-U_四轮反馈回复.pdf,887,82,19.22,230.64,12.00
339-688488.SH_艾迪药业_一轮反馈回复.pdf,22033,3958,348.40,3135.63,9.00
206-688086.SH_紫晶_三轮反馈回复.pdf,5146,629,360.68,3246.11,9.00
1122-688160.SH_步科股份_一轮反馈回复.pdf,9263,1972,87.76,789.86,9.00
107-688621.SH_阳光诺和_三轮反馈回复.pdf,3382,781,423.00,3806.99,9.00
356-688353.SH_华盛锂电_二轮反馈回复.pdf,2977,557,283.58,2608.92,9.20
171-688010.SH_福光股份_二轮反馈回复.pdf,2143,269,0.00,0.00,9.00
804-688819.SH_天能股份_一轮反馈回复.pdf,12018,2723,96.05,1060.43,11.04
313-688152.SH_麒麟信安_一轮反馈回复.pdf,7516,1598,344.78,3640.90,10.56
179-688686.SH_奥普特_二轮反馈回复.pdf,3350,518,118.78,1254.29,10.56
215-688227.SH_品高股份_二轮反馈回复.pdf,2951,674,0.00,0.00,9.00
265-688255.SH_凯尔达_一轮反馈回复.pdf,13399,2962,511.86,4606.76,9.00
654-688230.SH_芯导科技_二轮反馈回复.pdf,1564,93,0.00,0.00,9.00
161-688668.SH_鼎通科技_一轮反馈回复.pdf,8891,2107,1004.83,10610.98,10.56
181-688345.SH_博力威_二轮反馈回复.pdf,3180,472,140.03,1260.25,9.00
989-688020.SH_方邦股份_一轮反馈回复.pdf,7748,2017,37.18,390.36,10.50
36-688132.SH_邦彦技术_一轮反馈回复.pdf,21278,4452,294.52,2650.66,9.00
155-688529.SH_豪森股份_二轮反馈回复.pdf,3074,415,53.35,480.15,9.00
21-688019.SH_安集科技_二轮反馈回复.pdf,2438,492,29.91,269.23,9.00
1098-688379.SH_华光新材_一轮反馈回复.pdf,9608,1980,69.93,629.40,9.00
814-688516.SH_奥特维_一轮反馈回复.pdf,19960,6065,559.13,5032.18,9.00
1151-688606.SH_奥泰生物_二轮反馈回复.pdf,3215,781,0.00,0.00,10.50
55-688066.SH_航天宏图_二轮反馈回复.pdf,6453,2578,0.00,0.00,9.00
234-688302.SH_海创药业-U_一轮反馈回复.pdf,6441,1020,466.08,4194.72,9.00
801-688199.SH_久日新材_一轮反馈回复.pdf,19178,5054,54.64,491.79,9.00
914-688127.SH_蓝特光学_一轮反馈回复.pdf,7957,1467,121.93,1097.35,9.00
160-688668.SH_鼎通科技_二轮反馈回复.pdf,7557,1406,1644.64,17367.40,10.56
915-688184.SH_帕瓦股份_三轮反馈回复.pdf,1388,285,0.00,0.00,10.50
1114-688133.SH_泰坦科技_四轮反馈回复.pdf,1469,215,308.21,2773.92,9.00
947-688297.SH_中无人机_二轮反馈回复.pdf,3705,411,86.85,911.95,10.50
1001-688098.SH_申联生物_三轮反馈回复.pdf,1765,305,0.00,0.00,9.00
615-688330.SH_宏力达_一轮反馈回复.pdf,13658,3504,436.15,3925.33,9.00
732-688289.SH_圣湘生物_二轮反馈回复.pdf,3657,758,0.00,0.00,9.00
1120-688057.SH_金达莱_一轮反馈回复.pdf,14398,2890,143.13,1288.14,9.00
506-688428.SH_诺诚健华-U_一轮反馈回复.pdf,5938,755,22.67,204.05,9.00
447-688008.SH_澜起科技_二轮反馈回复.pdf,4561,1289,0.00,0.00,9.00
744-688511.SH_天微电子_三轮反馈回复.pdf,2431,296,0.00,0.00,9.00
17-688733.SH_壹石通_二轮反馈回复.pdf,2377,359,59.33,533.95,9.00
1061-688208.SH_道通科技_二轮反馈回复.pdf,6113,1528,41.56,374.04,9.00
1207-688163.SH_赛伦生物_三轮反馈回复.pdf,1040,213,0.00,0.00,10.98
409-688099.SH_晶晨股份_一轮反馈回复.pdf,10678,1931,7.18,75.85,10.56
1013-688202.SH_美迪西_五轮反馈回复.pdf,2083,273,142.83,1285.44,9.00
653-688155.SH_先惠技术_一轮反馈回复.pdf,11390,1918,69.31,727.77,10.50
577-688107.SH_安路科技-U_一轮反馈回复.pdf,8262,1388,7.06,74.55,10.56
82-688338.SH_赛科希德_一轮反馈回复.pdf,13645,2839,78.38,705.45,9.00
1148-688609.SH_九联科技_二轮反馈回复.pdf,4422,762,35.06,370.19,10.56
336-688246.SH_嘉和美康_一轮反馈回复.pdf,13976,3499,0.00,0.00,9.00
376-688685.SH_迈信林_二轮反馈回复.pdf,1589,237,37.69,339.25,9.00
1077-688558.SH_国盛智科_一轮反馈回复.pdf,23728,6021,524.99,4724.91,9.00
1155-688109.SH_品茗科技_二轮反馈回复.pdf,1690,199,88.84,932.85,10.50
1131-688560.SH_明冠新材_一轮反馈回复.pdf,9833,2524,449.48,4746.50,10.56
785-688266.SH_泽璟制药-U_二轮反馈回复.pdf,4535,520,48.13,438.94,9.12
955-688568.SH_中科星图_二轮反馈回复.pdf,8230,1275,112.74,1014.62,9.00
363-688670.SH_金迪克_二轮反馈回复.pdf,2582,510,41.03,369.30,9.00
25-688322.SH_奥比中光-UW_二轮反馈回复.pdf,723,75,0.00,0.00,9.00
514-688221.SH_前沿生物-U_三轮反馈回复.pdf,2935,108,12.50,112.50,9.00
451-688018.SH_乐鑫科技_一轮反馈回复.pdf,12103,2328,87.79,1053.47,12.00
454-688400.SH_凌云光_二轮反馈回复.pdf,5840,976,316.87,2851.86,9.00
229-688459.SH_哈铁科技_二轮反馈回复.pdf,4311,682,0.00,0.00,9.00
556-688234.SH_天岳先进_一轮反馈回复.pdf,6086,1294,157.54,1417.90,9.00
1103-688056.SH_莱伯泰科_二轮反馈回复.pdf,4243,924,89.67,807.00,9.00
239-688092.SH_爱科科技_二轮反馈回复.pdf,5802,1719,174.66,1571.90,9.00
441-688700.SH_东威科技_一轮反馈回复.pdf,12032,2393,253.58,2282.25,9.00
975-688059.SH_华锐精密_一轮反馈回复.pdf,13150,3031,440.24,3962.19,9.00
116-688253.SH_英诺特_一轮反馈回复.pdf,11136,2522,157.73,1419.54,9.00
418-688049.SH_炬芯科技_一轮反馈回复.pdf,20026,5408,241.55,2173.93,9.00
808-688226.SH_威腾电气_二轮反馈回复.pdf,5090,1015,73.16,772.55,10.56
480-688375.SH_国博电子_二轮反馈回复.pdf,3457,309,228.84,2059.59,9.00
213-688359.SH_三孚新科_二轮反馈回复.pdf,3402,940,0.00,0.00,9.00
458-688156.SH_路德环境_二轮反馈回复.pdf,2801,454,39.21,411.75,10.50
332-688309.SH_恒誉_一轮反馈回复.pdf,17313,3502,124.98,1319.77,10.56
1175-688601.SH_力芯微_一轮反馈回复.pdf,8818,2115,0.00,0.00,9.00
1180-688789.SH_宏华数科_一轮反馈回复.pdf,13393,2959,209.45,2312.30,11.04
462-688051.SH_佳华科技_三轮反馈回复.pdf,2314,397,0.00,0.00,10.56
379-688076.SH_诺泰生物_一轮反馈回复.pdf,18044,3962,63.45,571.05,9.00
1099-688393.SH_安必平_二轮反馈回复.pdf,2844,373,0.00,0.00,9.00
46-688198.SH_佰仁医疗_三轮反馈回复.pdf,1555,353,37.94,400.60,10.56
809-688226.SH_威腾电气_一轮反馈回复.pdf,14495,3645,175.09,1575.79,9.00
238-688676.SH_金盘科技_一轮反馈回复.pdf,16517,4467,260.77,2753.77,10.56
519-688556.SH_高测股份_二轮反馈回复.pdf,4150,918,133.55,1201.95,9.00
627-688271.SH_联影医疗_二轮反馈回复.pdf,2467,584,95.13,856.15,9.00
890-688186.SH_广大特材_五轮反馈回复.pdf,3257,623,122.33,1100.96,9.00
961-688012.SH_中微公司_四轮反馈回复.pdf,1544,173,0.00,0.00,12.00
112-688339.SH_亿华通-U_二轮反馈回复.pdf,9399,1570,83.82,844.88,10.08
186-688662.SH_富信科技_一轮反馈回复.pdf,14342,3253,330.87,3494.02,10.56
753-688022.SH_瀚川智能_三轮反馈回复.pdf,737,119,26.02,234.14,9.00
551-688021.SH_奥福环保_二轮反馈回复.pdf,3054,866,77.98,701.80,9.00
680-688389.SH_普门科技_一轮反馈回复.pdf,9717,2278,117.42,1056.74,9.00
1023-688300.SH_联瑞新材_一轮反馈回复.pdf,12353,2060,135.33,1429.06,10.56
559-688161.SH_威高骨科_一轮反馈回复.pdf,10369,2422,774.54,6970.88,9.00
377-688685.SH_迈信林_一轮反馈回复.pdf,9993,1818,127.48,1147.29,9.00
564-688281.SH_华秦科技_二轮反馈回复.pdf,964,96,0.00,0.00,9.00
24-688220.SH_翱捷科技-U_一轮反馈回复.pdf,23221,5751,435.57,3920.15,9.00
944-688009.SH_中国通号_三轮反馈回复.pdf,756,47,0.00,0.00,10.50
174-688095.SH_福昕软件_一轮反馈回复.pdf,10196,2381,43.34,390.10,9.00
289-688416.SH_恒烁股份_三轮反馈回复.pdf,1111,288,30.87,326.03,10.56
319-688120.SH_华海清科_二轮反馈回复.pdf,4224,666,38.98,409.25,10.50
85-688520.SH_神州细胞-U_一轮反馈回复.pdf,17928,3806,591.60,5324.37,9.00
137-688528.SH_秦川物联_三轮反馈回复.pdf,13544,8664,111.61,1004.45,9.00
360-688566.SH_吉贝尔_一轮反馈回复.pdf,13574,3419,215.88,1942.90,9.00
250-688039.SH_当虹科技_二轮反馈回复.pdf,5605,1410,45.70,411.30,9.00
742-688553.SH_汇宇制药-W_二轮反馈回复.pdf,4021,660,0.00,0.00,9.00
1144-688687.SH_凯因科技_二轮反馈回复.pdf,2223,339,49.46,445.15,9.00
641-688085.SH_三友医疗_三轮反馈回复.pdf,1001,358,0.00,0.00,9.00
726-688409.SH_富创精密_二轮反馈回复.pdf,2809,637,0.00,0.00,9.00
994-688006.SH_杭可科技_二轮反馈回复.pdf,3832,604,26.10,234.90,9.00
927-688509.SH_正元地信_三轮反馈回复.pdf,2370,433,0.00,0.00,10.50
334-688246.SH_嘉和美康_三轮反馈回复.pdf,6217,822,0.00,0.00,9.00
1071-688004.SH_博汇科技_二轮反馈回复.pdf,5404,1087,0.00,0.00,9.00
224-688439.SH_振华风光_一轮反馈回复.pdf,15590,3041,99.13,892.13,9.00
411-688223.SH_晶科能源_一轮反馈回复.pdf,6296,664,489.36,4404.23,9.00
48-688198.SH_佰仁医疗_一轮反馈回复.pdf,10469,2426,262.63,2773.35,10.56
737-688197.SH_首药控股-U_一轮反馈回复.pdf,9729,1116,331.94,3485.35,10.50
1110-688513.SH_苑东生物_一轮反馈回复.pdf,12646,2513,42.87,385.86,9.00
1165-688097.SH_博众精工_三轮反馈回复.pdf,1877,254,0.00,0.00,9.00
603-688126.SH_沪硅产业-U_三轮反馈回复.pdf,1789,277,0.00,0.00,10.56
405-688233.SH_神工股份_一轮反馈回复.pdf,10240,1644,85.00,892.50,10.50
242-688023.SH_安恒信息_二轮反馈回复.pdf,4782,1039,29.87,268.86,9.00
1009-688025.SH_杰普特_一轮反馈回复.pdf,11476,3079,56.88,600.70,10.56
1046-688026.SH_洁特生物_四轮反馈回复.pdf,2092,165,30.93,278.35,9.00
624-688065.SH_凯赛生物_三轮反馈回复.pdf,849,84,0.00,0.00,10.50
1035-688118.SH_普元信息_二轮反馈回复.pdf,4180,902,64.44,579.93,9.00
756-688661.SH_和林微纳_二轮反馈回复.pdf,5651,927,98.65,1041.75,10.56
40-688168.SH_安博通_一轮反馈回复.pdf,9566,1652,163.97,1508.56,9.20
502-688299.SH_长阳科技_一轮反馈回复.pdf,11781,2462,154.84,1393.54,9.00
950-688211.SH_中科微至_一轮反馈回复.pdf,14325,3805,18.08,217.00,12.00
1166-688097.SH_博众精工_二轮反馈回复.pdf,4429,884,221.47,2019.85,9.12
115-688253.SH_英诺特_二轮反馈回复.pdf,3233,325,70.03,630.26,9.00
240-688092.SH_爱科科技_一轮反馈回复.pdf,10422,2990,107.92,992.86,9.20
1031-688196.SH_卓越新能_二轮反馈回复.pdf,3551,976,64.27,578.44,9.00
672-688007.SH_光峰科技_二轮反馈回复.pdf,3628,509,0.00,0.00,10.56
1136-688317.SH_之江生物_二轮反馈回复.pdf,5182,655,111.53,1003.78,9.00
949-688211.SH_中科微至_二轮反馈回复.pdf,7492,1760,22.30,267.64,12.00
1005-688366.SH_昊海生科_二轮反馈回复.pdf,3222,796,71.95,647.56,9.00
386-688176.SH_亚虹医药-U_二轮反馈回复.pdf,1899,152,53.35,480.19,9.00
395-688015.SH_交控科技_二轮反馈回复.pdf,3645,868,0.00,0.00,10.56
999-688098.SH_申联生物_五轮反馈回复.pdf,1462,210,11.94,107.45,9.00
746-688511.SH_天微电子_一轮反馈回复.pdf,12425,2688,0.00,0.00,9.00
245-688075.SH_安旭生物_一轮反馈回复.pdf,12604,2984,182.92,1920.65,10.50
429-688027.SH_国盾量子_二轮反馈回复.pdf,5248,761,0.00,0.00,10.50
745-688511.SH_天微电子_二轮反馈回复.pdf,6791,1413,69.56,626.04,9.00
1135-688656.SH_浩欧博_一轮反馈回复.pdf,17904,5018,578.93,5210.35,9.00
434-688455.SH_科捷智能_二轮反馈回复.pdf,2998,826,0.00,0.00,10.50
1149-688609.SH_九联科技_一轮反馈回复.pdf,12381,2041,65.00,686.45,10.56
145-688222.SH_成都先导_一轮反馈回复.pdf,15848,2937,72.77,729.15,10.02
400-688466.SH_金科环境_二轮反馈回复.pdf,5676,697,20.93,188.40,9.00
644-688351.SH_微电生理-U_三轮反馈回复.pdf,4226,736,48.82,392.48,8.04
1164-688639.SH_华恒生物_一轮反馈回复.pdf,8254,2126,57.92,521.25,9.00
401-688466.SH_金科环境_一轮反馈回复.pdf,19723,2588,410.20,3691.78,9.00
1137-688317.SH_之江生物_一轮反馈回复.pdf,16665,4528,198.32,1784.89,9.00
1193-688787.SH_海天瑞声_一轮反馈回复.pdf,9094,1836,182.10,1638.90,9.00
926-688701.SH_卓锦股份_一轮反馈回复.pdf,16323,4620,137.52,1237.70,9.00
1172-688216.SH_气派科技_二轮反馈回复.pdf,4058,1218,82.99,876.36,10.56
412-688280.SH_精进电动-UW_二轮反馈回复.pdf,6222,1625,26.72,282.15,10.56
1104-688056.SH_莱伯泰科_一轮反馈回复.pdf,8932,1886,133.67,1203.02,9.00
917-688184.SH_帕瓦股份_一轮反馈回复.pdf,8032,1567,0.00,0.00,10.50
120-688369.SH_致远互联_三轮反馈回复.pdf,1777,422,0.00,0.00,9.00
385-688116.SH_天奈科技_一轮反馈回复.pdf,8951,1821,100.39,903.55,9.00
1018-688101.SH_三达膜_三轮反馈回复.pdf,3750,521,0.00,0.00,9.00
1019-688101.SH_三达膜_二轮反馈回复.pdf,7465,1267,28.82,259.35,9.00
854-688031.SH_星环科技-U_二轮反馈回复.pdf,5388,890,68.85,727.10,10.56
508-688766.SH_普冉股份_二轮反馈回复.pdf,7425,1837,49.16,442.44,9.00
803-688819.SH_天能股份_二轮反馈回复.pdf,951,79,0.00,0.00,10.98
114-688253.SH_英诺特_三轮反馈回复.pdf,2799,517,50.51,454.60,9.00
630-688373.SH_盟科药业-U_一轮反馈回复.pdf,6188,1027,23.57,212.10,9.00
546-688278.SH_特宝生物_二轮反馈回复.pdf,5323,1009,56.62,509.60,9.00
430-688027.SH_国盾量子_一轮反馈回复.pdf,15718,4412,191.78,1726.02,9.00
1050-688159.SH_有方科技_四轮反馈回复.pdf,1953,230,24.80,261.19,10.53
769-688690.SH_纳微科技_三轮反馈回复.pdf,384,0,0.00,0.00,9.20
84-688520.SH_神州细胞-U_二轮反馈回复.pdf,4658,672,125.77,1131.95,9.00
62-688500.SH_慧辰股份_四轮反馈回复.pdf,1106,166,0.00,0.00,9.20
1125-688590.SH_新致软件_一轮反馈回复.pdf,14698,3418,380.74,3426.70,9.00
1118-688057.SH_金达莱_三轮反馈回复.pdf,6802,1125,0.00,0.00,9.00
153-688259.SH_创耀科技_二轮反馈回复.pdf,8509,1316,0.00,0.00,9.00
248-688039.SH_当虹科技_四轮反馈回复.pdf,3406,682,0.00,0.00,9.00
487-688178.SH_万德斯_三轮反馈回复.pdf,2713,892,9.17,96.30,10.50
708-688575.SH_亚辉龙_二轮反馈回复.pdf,1601,207,0.00,0.00,9.00
728-688037.SH_芯源微_二轮反馈回复.pdf,5521,866,121.39,1281.90,10.56
109-688621.SH_阳光诺和_一轮反馈回复.pdf,14425,3394,283.99,2555.92,9.00
1138-688669.SH_聚石化学_二轮反馈回复.pdf,7698,3177,99.84,1048.35,10.50
981-688256.SH_寒武纪-U_一轮反馈回复.pdf,6275,810,0.00,0.00,10.50
1044-688078.SH_龙软科技_二轮反馈回复.pdf,6195,1362,899.33,8094.00,9.00
249-688039.SH_当虹科技_三轮反馈回复.pdf,2448,633,0.00,0.00,9.00
481-688375.SH_国博电子_一轮反馈回复.pdf,8605,1465,27.47,247.20,9.00
657-688247.SH_宣泰医药_一轮反馈回复.pdf,11342,2250,25.00,225.00,9.00
37-688168.SH_安博通_四轮反馈回复.pdf,356,10,0.00,0.00,9.00
13-688679.SH_通源环境_二轮反馈回复.pdf,5929,1667,158.21,1423.86,9.00
123-688166.SH_博瑞医药_三轮反馈回复.pdf,3420,889,34.85,313.65,9.00
427-688027.SH_国盾量子_四轮反馈回复.pdf,2114,429,0.00,0.00,9.20
727-688409.SH_富创精密_一轮反馈回复.pdf,9035,2836,0.00,0.00,9.00
345-688182.SH_灿勤科技_一轮反馈回复.pdf,9860,2249,107.42,966.80,9.00
1106-688550.SH_瑞联新材_一轮反馈回复.pdf,9332,1809,370.90,3338.08,9.00
431-688305.SH_科德数控_三轮反馈回复.pdf,1896,507,128.45,1348.70,10.50
934-688295.SH_中复神鹰_二轮反馈回复.pdf,2754,393,31.09,326.40,10.50
602-688126.SH_沪硅产业-U_四轮反馈回复.pdf,1526,560,0.00,0.00,10.56
637-688193.SH_仁度生物_一轮反馈回复.pdf,12176,2047,509.98,5385.37,10.56
527-688677.SH_海泰新光_三轮反馈回复.pdf,889,41,0.00,0.00,9.00
28-688613.SH_奥精医疗_二轮反馈回复.pdf,2388,735,0.00,0.00,10.56
1208-688163.SH_赛伦生物_二轮反馈回复.pdf,4373,1196,0.00,0.00,9.00
623-688180.SH_君实生物-U_一轮反馈回复.pdf,20208,4083,580.44,5781.21,9.96
389-688258.SH_卓易信息_三轮反馈回复.pdf,3395,686,1.29,11.64,9.00
32-688177.SH_百奥泰_一轮反馈回复.pdf,13124,1665,93.31,839.83,9.00
895-688276.SH_百克生物_二轮反馈回复.pdf,2339,295,0.00,0.00,9.00
52-688207.SH_格灵深瞳-U_一轮反馈回复.pdf,7484,1465,25.63,270.65,10.56
977-688308.SH_欧科亿_一轮反馈回复.pdf,7325,1493,309.49,3713.92,12.00
909-688320.SH_禾川科技_二轮反馈回复.pdf,2501,474,29.86,313.55,10.50
244-688075.SH_安旭生物_二轮反馈回复.pdf,1852,333,0.00,0.00,10.56
924-688701.SH_卓锦股份_三轮反馈回复.pdf,3520,550,202.91,1826.19,9.00
142-688053.SH_思科瑞_二轮反馈回复.pdf,2253,384,0.00,0.00,9.00
474-688376.SH_美埃科技_二轮反馈回复.pdf,7781,1547,467.57,4208.12,9.00
855-688031.SH_星环科技-U_一轮反馈回复.pdf,14678,3318,264.52,2380.70,9.00
1170-688597.SH_煜邦电力_二轮反馈回复.pdf,4799,1022,0.00,0.00,8.04
98-688277.SH_天智航-U_一轮反馈回复.pdf,19900,4071,146.82,1761.89,12.00
440-688700.SH_东威科技_二轮反馈回复.pdf,5094,1000,39.96,359.60,9.00
697-688518.SH_联赢激光_三轮反馈回复.pdf,3240,429,0.00,0.00,9.00
361-688046.SH_药康生物_二轮反馈回复.pdf,1994,305,25.74,231.65,9.00
178-688728.SH_格科微_一轮反馈回复.pdf,17401,2550,13.10,138.30,10.56
1126-688571.SH_杭华股份_二轮反馈回复.pdf,1456,212,169.44,1789.30,10.56
898-688360.SH_德马科技_一轮反馈回复.pdf,14618,3301,306.17,2755.57,9.00
262-688290.SH_景业智能_二轮反馈回复.pdf,6469,742,0.00,0.00,9.00
169-688567.SH_孚能科技_二轮反馈回复.pdf,9361,1794,375.02,3375.20,9.00
1002-688098.SH_申联生物_二轮反馈回复.pdf,3177,599,118.62,1067.59,9.00
23-688220.SH_翱捷科技-U_二轮反馈回复.pdf,14229,2271,101.81,916.30,9.00
723-688383.SH_新益昌_一轮反馈回复.pdf,16288,3262,813.58,7322.25,9.00
493-688633.SH_星球石墨_一轮反馈回复.pdf,8661,2544,234.55,2462.80,10.50
533-688331.SH_荣昌生物_一轮反馈回复.pdf,8767,2922,560.94,5048.50,9.00
862-688002.SH_睿创微纳_一轮反馈回复.pdf,8201,1670,879.84,844.68,0.96
741-688213.SH_思特威-W_一轮反馈回复.pdf,5075,771,141.83,1497.70,10.56
1176-688499.SH_利元亨_三轮反馈回复.pdf,1474,155,20.51,216.60,10.56
574-688798.SH_艾为电子_二轮反馈回复.pdf,5804,1376,321.71,2895.40,9.00
957-688285.SH_高铁电气_二轮反馈回复.pdf,2725,765,31.19,280.75,9.00
969-688737.SH_中自科技_一轮反馈回复.pdf,19001,4398,228.59,2057.34,9.00
521-688139.SH_海尔生物_六轮反馈回复.pdf,541,15,0.00,0.00,9.12
832-688081.SH_兴图新科_一轮反馈回复.pdf,14128,2575,758.56,6827.02,9.00
209-688090.SH_瑞松科技_四轮反馈回复.pdf,2883,438,34.67,312.05,9.00
734-688082.SH_盛美上海_二轮反馈回复.pdf,1050,79,0.00,0.00,9.00
685-688045.SH_必易微_二轮反馈回复.pdf,2613,587,16.72,180.60,10.80
218-688115.SH_思林杰_一轮反馈回复.pdf,4998,856,202.35,2136.85,10.56
1167-688097.SH_博众精工_一轮反馈回复.pdf,10206,2409,354.47,3190.25,9.00
410-688223.SH_晶科能源_二轮反馈回复.pdf,1186,43,0.00,0.00,9.00
984-688125.SH_安达智能_二轮反馈回复.pdf,1951,270,155.74,1644.60,10.56
864-688382.SH_益方生物-U_二轮反馈回复.pdf,6009,827,317.30,2855.68,9.00
829-688667.SH_菱电电控_二轮反馈回复.pdf,2000,413,0.00,0.00,9.00
146-688636.SH_智明达_二轮反馈回复.pdf,5894,1301,95.06,998.15,10.50
610-688131.SH_皓元医药_一轮反馈回复.pdf,14470,2817,352.42,3721.53,10.56
352-688390.SH_固德威_二轮反馈回复.pdf,4052,1131,101.10,1067.64,10.56
1195-688103.SH_国力股份_一轮反馈回复.pdf,14399,5026,182.51,1642.59,9.00
765-688286.SH_敏芯股份_二轮反馈回复.pdf,2599,206,43.79,462.48,10.56
628-688271.SH_联影医疗_一轮反馈回复.pdf,10823,2241,87.56,788.05,9.00
724-688209.SH_英集芯_二轮反馈回复.pdf,1447,258,0.00,0.00,9.00
962-688012.SH_中微公司_三轮反馈回复.pdf,1659,226,123.09,1477.14,12.00
658-688091.SH_上海谊众-U_四轮反馈回复.pdf,508,145,0.00,0.00,9.00
12-688768.SH_容知日新_一轮反馈回复.pdf,14827,3231,0.00,0.00,9.00
1109-688513.SH_苑东生物_二轮反馈回复.pdf,4243,946,0.00,0.00,9.00
1022-688300.SH_联瑞新材_二轮反馈回复.pdf,3571,627,27.98,295.50,10.56
11-688768.SH_容知日新_二轮反馈回复.pdf,2651,468,0.00,0.00,12.00
704-688328.SH_深科达_二轮反馈回复.pdf,2499,463,21.02,221.98,10.56
26-688322.SH_奥比中光-UW_一轮反馈回复.pdf,3381,361,30.54,274.84,9.00
284-688238.SH_和元生物_一轮反馈回复.pdf,6979,1272,271.65,2868.63,10.56
264-688255.SH_凯尔达_二轮反馈回复.pdf,5492,859,252.38,2271.38,9.00
967-688387.SH_信科移动-U_一轮反馈回复.pdf,14524,2899,129.93,1364.30,10.50
58-688292.SH_浩瀚深度_一轮反馈回复.pdf,14093,2480,278.23,2938.14,10.56
846-688521.SH_芯原股份-U_四轮反馈回复.pdf,678,55,0.00,0.00,9.00
437-688468.SH_科美诊断_一轮反馈回复.pdf,6884,1381,74.81,790.00,10.56
747-688665.SH_四方光电_二轮反馈回复.pdf,2373,287,16.08,144.72,9.00
889-688555.SH_泽达_一轮反馈回复.pdf,17995,3157,79.57,716.10,9.00
492-688633.SH_星球石墨_二轮反馈回复.pdf,2884,428,57.94,608.35,10.50
780-688698.SH_伟创电气_二轮反馈回复.pdf,4861,844,157.03,1648.77,10.50
560-688030.SH_山石网科_四轮反馈回复.pdf,1503,177,0.00,0.00,10.56
549-688579.SH_山大地纬_二轮反馈回复.pdf,5756,1298,9.92,119.05,12.00
136-688528.SH_秦川物联_四轮反馈回复.pdf,4771,1419,0.00,0.00,9.00
1115-688133.SH_泰坦科技_三轮反馈回复.pdf,2409,502,280.32,2522.92,9.00
168-688567.SH_孚能科技_三轮反馈回复.pdf,2669,333,33.98,305.80,9.00
147-688636.SH_智明达_一轮反馈回复.pdf,8501,1795,427.68,4490.63,10.50
606-688680.SH_海优新材_二轮反馈回复.pdf,2389,511,0.00,0.00,9.00
596-688505.SH_复旦张江_二轮反馈回复.pdf,2853,306,0.00,0.00,9.00
302-688151.SH_华强科技_一轮反馈回复.pdf,13214,2406,0.00,0.00,9.00
789-688072.SH_拓荆科技-U_二轮反馈回复.pdf,2087,344,38.87,408.10,10.50
93-688277.SH_天智航-U_六轮反馈回复.pdf,2418,356,0.00,0.00,11.25
1043-688078.SH_龙软科技_三轮反馈回复.pdf,3610,1232,59.09,531.84,9.00
144-688222.SH_成都先导_二轮反馈回复.pdf,2943,637,22.37,224.13,10.02
513-688561.SH_奇安信-U_一轮反馈回复.pdf,14826,3778,534.72,5325.77,9.96
554-688681.SH_科汇股份_一轮反馈回复.pdf,13270,2377,134.99,1214.95,9.00
76-688316.SH_青云科技-U_一轮反馈回复.pdf,14877,3406,414.89,3734.05,9.00
786-688266.SH_泽璟制药-U_一轮反馈回复.pdf,11871,2564,32.53,292.74,9.00
784-688266.SH_泽璟制药-U_三轮反馈回复.pdf,5020,1576,0.00,0.00,9.00
573-688578.SH_艾力斯-U_一轮反馈回复.pdf,11812,1588,152.34,1599.60,10.50
788-688048.SH_长光华芯_一轮反馈回复.pdf,5123,1311,93.37,980.37,10.50
455-688400.SH_凌云光_一轮反馈回复.pdf,12430,3178,1133.83,10204.51,9.00
841-688314.SH_康拓医疗_二轮反馈回复.pdf,3762,819,4.75,42.75,9.00
604-688126.SH_沪硅产业-U_二轮反馈回复.pdf,4409,930,0.00,0.00,10.98
617-688071.SH_华依科技_一轮反馈回复.pdf,15593,3071,256.37,2707.25,10.56
655-688230.SH_芯导科技_一轮反馈回复.pdf,9123,1631,72.63,653.68,9.00
1003-688098.SH_申联生物_一轮反馈回复.pdf,7307,1260,110.73,1162.62,10.50
720-688321.SH_微芯生物_二轮反馈回复.pdf,4148,571,20.00,180.00,9.00
695-688788.SH_科思科技_二轮反馈回复.pdf,4885,780,396.06,3564.53,9.00
576-688107.SH_安路科技-U_二轮反馈回复.pdf,972,160,0.00,0.00,10.50
346-688381.SH_帝奥微_二轮反馈回复.pdf,3461,774,0.00,0.00,9.00
585-688073.SH_毕得医药_三轮反馈回复.pdf,2178,461,14.46,151.85,10.50
1127-688571.SH_杭华股份_一轮反馈回复.pdf,9743,1847,138.61,1247.50,9.00
378-688076.SH_诺泰生物_二轮反馈回复.pdf,3564,758,47.61,502.80,10.56
647-688016.SH_心脉医疗_三轮反馈回复.pdf,2111,301,7.96,83.55,10.50
805-688100.SH_威胜信息_三轮反馈回复.pdf,4562,982,57.80,608.73,10.53
852-688303.SH_大全能源_二轮反馈回复.pdf,9461,1815,208.55,2202.28,10.56
783-688260.SH_昀冢科技_一轮反馈回复.pdf,12481,4042,436.09,3924.77,9.00
771-688690.SH_纳微科技_一轮反馈回复.pdf,10036,2633,187.92,1691.32,9.00
74-688282.SH_理工导航_一轮反馈回复.pdf,14680,3240,188.64,1992.06,10.56
35-688132.SH_邦彦技术_二轮反馈回复.pdf,7477,1544,231.44,2430.17,10.50
381-688399.SH_硕世生物_二轮反馈回复.pdf,3815,632,0.00,0.00,9.00
666-688585.SH_上纬新材_二轮反馈回复.pdf,4668,757,61.00,548.99,9.00
987-688122.SH_西部超导_一轮反馈回复.pdf,11944,3282,48.40,435.60,9.00
337-688488.SH_艾迪药业_三轮反馈回复.pdf,1739,178,38.63,405.65,10.50
677-688617.SH_惠泰医疗_一轮反馈回复.pdf,11738,2854,66.28,699.95,10.56
1094-688229.SH_博睿数据_一轮反馈回复.pdf,10377,1525,35.58,375.70,10.56
38-688168.SH_安博通_三轮反馈回复.pdf,1328,173,36.63,329.67,9.00
818-688510.SH_航亚科技_二轮反馈回复.pdf,5818,955,82.63,743.65,9.00
204-688086.SH_紫晶_五轮反馈回复.pdf,995,129,6.50,58.50,9.00
1095-688519.SH_南亚新材_二轮反馈回复.pdf,1587,231,137.09,1447.67,10.56
496-688306.SH_均普智能_一轮反馈回复.pdf,15951,4835,48.71,438.35,9.00
327-688219.SH_会通股份_二轮反馈回复.pdf,2888,640,28.63,257.70,9.00
893-688186.SH_广大特材_二轮反馈回复.pdf,3514,930,38.12,343.08,9.00
97-688277.SH_天智航-U_二轮反馈回复.pdf,4648,691,45.20,474.60,10.50
202-688173.SH_希荻微_二轮反馈回复.pdf,3378,618,65.35,721.46,11.04
755-688022.SH_瀚川智能_一轮反馈回复.pdf,10706,1890,92.66,845.10,9.12
990-688029.SH_南微医学_三轮反馈回复.pdf,1816,350,0.00,0.00,10.50
446-688008.SH_澜起科技_三轮反馈回复.pdf,568,102,0.00,0.00,12.00
266-688611.SH_杭州柯林_二轮反馈回复.pdf,4092,741,54.01,570.35,10.56
621-688392.SH_骄成超声_一轮反馈回复.pdf,9961,2022,22.27,200.40,9.00
768-688355.SH_明志科技_一轮反馈回复.pdf,14981,4459,564.06,5076.53,9.00
707-688655.SH_迅捷兴_一轮反馈回复.pdf,14435,4700,25.87,232.80,9.00
1189-688718.SH_唯赛勃_一轮反馈回复.pdf,11306,457,607.32,6413.27,10.56
512-688561.SH_奇安信-U_二轮反馈回复.pdf,2153,321,0.00,0.00,9.96
1194-688103.SH_国力股份_二轮反馈回复.pdf,6021,1483,144.69,1302.20,9.00
1091-688336.SH_三生国健_二轮反馈回复.pdf,5885,2293,13.60,122.40,9.00
733-688289.SH_圣湘生物_一轮反馈回复.pdf,17890,6709,145.31,1534.49,10.56
1059-688080.SH_映翰通_一轮反馈回复.pdf,17517,4691,143.55,1507.32,10.50
562-688030.SH_山石网科_二轮反馈回复.pdf,4321,1336,34.08,357.85,10.50
61-688500.SH_慧辰股份_五轮反馈回复.pdf,780,108,0.00,0.00,9.20
6-688050.SH_爱博医疗_一轮反馈回复.pdf,10855,3083,0.00,0.00,10.50
325-688363.SH_华熙生物_二轮反馈回复.pdf,5731,1477,0.00,0.00,9.00
1187-688800.SH_瑞可达_一轮反馈回复.pdf,13985,3668,659.05,6959.54,10.56
725-688209.SH_英集芯_一轮反馈回复.pdf,10749,1788,16.20,170.15,10.50
201-688171.SH_纬德信息_一轮反馈回复.pdf,12108,2806,200.22,3195.59,15.96
584-688188.SH_柏楚电子_一轮反馈回复.pdf,8548,2107,70.24,842.90,12.00
599-688335.SH_复洁环保_一轮反馈回复.pdf,13592,2293,212.57,1913.11,9.00
305-688275.SH_万润新能_一轮反馈回复.pdf,10894,1969,70.06,630.57,9.00
828-688526.SH_科前生物_一轮反馈回复.pdf,14981,2503,0.00,0.00,9.00
129-688696.SH_极米科技_一轮反馈回复.pdf,11695,4071,28.00,251.98,9.00
1141-688689.SH_银河微电_一轮反馈回复.pdf,10835,3284,646.83,6830.55,10.56
790-688072.SH_拓荆科技-U_一轮反馈回复.pdf,7112,997,47.82,502.10,10.50
495-688306.SH_均普智能_二轮反馈回复.pdf,5757,1441,28.29,254.64,9.00
104-688028.SH_沃尔德_三轮反馈回复.pdf,1458,211,0.00,0.00,9.00
625-688065.SH_凯赛生物_二轮反馈回复.pdf,2209,399,80.30,843.12,10.50
311-688189.SH_南新制药_一轮反馈回复.pdf,17827,3639,166.78,1500.99,9.00
16-688600.SH_皖仪科技_一轮反馈回复.pdf,9277,3155,145.91,1313.15,9.00
194-688683.SH_莱尔科技_二轮反馈回复.pdf,3446,716,22.67,204.00,9.00
539-688108.SH_赛诺医疗_一轮反馈回复.pdf,13399,2992,190.98,1718.80,9.00
156-688529.SH_豪森股份_一轮反馈回复.pdf,11826,1822,80.62,725.60,9.00
484-688273.SH_麦澜德_一轮反馈回复.pdf,3479,602,21.37,192.29,9.00
254-688032.SH_禾迈股份_二轮反馈回复.pdf,5856,943,260.88,2347.92,9.00
611-688538.SH_和辉光电-U_三轮反馈回复.pdf,2295,240,78.89,710.05,9.00
965-688981.SH_中芯国际_一轮反馈回复.pdf,5576,678,0.00,0.00,10.56
1174-688601.SH_力芯微_二轮反馈回复.pdf,1385,344,0.00,0.00,9.00
613-688538.SH_和辉光电-U_一轮反馈回复.pdf,19108,3981,329.16,2962.41,9.00
635-688063.SH_派能科技_一轮反馈回复.pdf,10421,1505,216.21,1945.85,9.00
1143-688350.SH_富淼科技_一轮反馈回复.pdf,16425,4169,691.70,6225.26,9.00
448-688008.SH_澜起科技_一轮反馈回复.pdf,9026,1337,64.03,576.25,9.00
810-688153.SH_唯捷创芯-U_二轮反馈回复.pdf,1953,103,0.00,0.00,9.00
143-688053.SH_思科瑞_一轮反馈回复.pdf,7761,1601,62.98,566.85,9.00
860-688002.SH_睿创微纳_三轮反馈回复.pdf,1050,146,0.00,0.00,9.00
929-688509.SH_正元地信_一轮反馈回复.pdf,23205,5681,2118.89,19070.00,9.00
678-688389.SH_普门科技_三轮反馈回复.pdf,5314,1557,48.00,432.00,9.00
648-688016.SH_心脉医疗_二轮反馈回复.pdf,4082,557,37.37,392.38,10.50
1107-688513.SH_苑东生物_四轮反馈回复.pdf,1961,337,0.00,0.00,9.00
772-688052.SH_纳芯微_二轮反馈回复.pdf,2735,711,0.00,0.00,10.50
821-688205.SH_德科立_一轮反馈回复.pdf,10250,2199,261.44,2760.84,10.56
163-688129.SH_东来技术_一轮反馈回复.pdf,11167,2269,286.53,2578.77,9.00
936-688119.SH_中钢洛耐_三轮反馈回复.pdf,1396,462,0.00,0.00,10.56
976-688308.SH_欧科亿_二轮反馈回复.pdf,1793,180,0.00,0.00,9.00
1088-688508.SH_芯朋微_一轮反馈回复.pdf,10094,2246,59.46,535.15,9.00
935-688295.SH_中复神鹰_一轮反馈回复.pdf,6248,1325,31.39,331.50,10.56
1200-688257.SH_新锐股份_二轮反馈回复.pdf,5446,944,130.92,1178.30,9.00
880-688348.SH_昱能科技_一轮反馈回复.pdf,13860,2966,701.53,6313.73,9.00
1062-688208.SH_道通科技_一轮反馈回复.pdf,15672,3381,345.06,3457.46,10.02
1163-688639.SH_华恒生物_二轮反馈回复.pdf,3950,607,190.41,1713.65,9.00
1064-688318.SH_财富趋势_三轮反馈回复.pdf,2334,413,558.15,5894.07,10.56
713-688395.SH_正弦电气_二轮反馈回复.pdf,3034,660,0.00,0.00,12.00
158-688192.SH_迪哲医药-U_二轮反馈回复.pdf,2941,444,40.85,448.57,10.98
868-688158.SH_优刻得-W_四轮反馈回复.pdf,2530,480,16.64,149.75,9.00
882-688658.SH_悦康药业_一轮反馈回复.pdf,13514,4358,300.64,2705.80,9.00
51-688207.SH_格灵深瞳-U_二轮反馈回复.pdf,1879,291,0.00,0.00,10.56
8-688162.SH_巨一科技_一轮反馈回复.pdf,23983,7440,158.41,1425.68,9.00
1197-688622.SH_禾信仪器_二轮反馈回复.pdf,10441,2152,117.94,1245.45,10.56
444-688557.SH_兰剑智能_二轮反馈回复.pdf,1705,266,0.00,0.00,10.50
595-688385.SH_复旦微电_一轮反馈回复.pdf,10877,5128,61.71,555.42,9.00
151-688625.SH_呈和科技_二轮反馈回复.pdf,4044,1040,0.00,0.00,9.00
597-688505.SH_复旦张江_一轮反馈回复.pdf,15593,2994,37.83,340.49,9.00
233-688302.SH_海创药业-U_二轮反馈回复.pdf,1328,468,115.87,1042.80,9.00
537-688108.SH_赛诺医疗_三轮反馈回复.pdf,1724,233,0.00,0.00,9.00
920-688270.SH_臻镭科技_二轮反馈回复.pdf,1978,317,0.00,0.00,9.00
1205-688163.SH_赛伦生物_五轮反馈回复.pdf,2189,401,1.33,12.00,9.00
499-688299.SH_长阳科技_四轮反馈回复.pdf,2294,551,112.38,1011.39,9.00
881-688658.SH_悦康药业_二轮反馈回复.pdf,4663,933,49.34,444.09,9.00
404-688233.SH_神工股份_二轮反馈回复.pdf,4151,737,0.00,0.00,10.50
374-688231.SH_隆达股份_二轮反馈回复.pdf,6494,1254,158.75,1676.40,10.56
384-688116.SH_天奈科技_二轮反馈回复.pdf,3798,752,108.33,975.00,9.00
872-688628.SH_优利德_二轮反馈回复.pdf,4366,966,47.89,431.03,9.00
701-688401.SH_路维光电_一轮反馈回复.pdf,7317,1447,93.97,845.70,9.00
399-688466.SH_金科环境_三轮反馈回复.pdf,3133,319,45.24,407.15,9.00
1162-688639.SH_华恒生物_三轮反馈回复.pdf,1716,210,0.00,0.00,9.00
601-688206.SH_概伦电子_一轮反馈回复.pdf,6918,1040,256.46,2308.15,9.00
1192-688787.SH_海天瑞声_二轮反馈回复.pdf,5588,873,76.24,686.20,9.00
86-688169.SH_石头科技_四轮反馈回复.pdf,1146,151,13.27,139.32,10.50
639-688217.SH_睿昂基因_二轮反馈回复.pdf,4484,989,3.13,34.50,11.04
188-688268.SH_华特气体_三轮反馈回复.pdf,2489,342,0.00,0.00,9.00
876-688456.SH_有研粉材_三轮反馈回复.pdf,700,80,0.00,0.00,10.50
931-688191.SH_智洋创新_一轮反馈回复.pdf,14167,4502,389.08,3501.69,9.00
796-688599.SH_天合光能_三轮反馈回复.pdf,4993,1337,354.52,3190.67,9.00
550-688579.SH_山大地纬_一轮反馈回复.pdf,20505,4998,241.47,2173.20,9.00
673-688007.SH_光峰科技_一轮反馈回复.pdf,16917,3591,258.92,2330.29,9.00
403-688233.SH_神工股份_三轮反馈回复.pdf,2225,871,0.00,0.00,10.56
766-688286.SH_敏芯股份_一轮反馈回复.pdf,17162,3260,164.54,1737.57,10.56
847-688521.SH_芯原股份-U_三轮反馈回复.pdf,196,22,0.00,0.00,9.00
498-688005.SH_容百科技_一轮反馈回复.pdf,11162,2334,118.27,1064.40,9.00
959-688380.SH_中微半导_二轮反馈回复.pdf,4088,661,208.49,2189.10,10.50
561-688030.SH_山石网科_三轮反馈回复.pdf,3181,679,0.00,0.00,10.56
81-688338.SH_赛科希德_二轮反馈回复.pdf,3261,598,0.00,0.00,10.50
182-688345.SH_博力威_一轮反馈回复.pdf,10221,2337,83.58,882.60,10.56
921-688270.SH_臻镭科技_一轮反馈回复.pdf,5060,1059,2.48,22.32,9.00
476-688248.SH_南网科技_二轮反馈回复.pdf,1551,305,0.00,0.00,9.00
1014-688202.SH_美迪西_四轮反馈回复.pdf,2048,235,49.21,442.92,9.00
56-688066.SH_航天宏图_一轮反馈回复.pdf,11216,3359,173.91,1565.17,9.00
96-688277.SH_天智航-U_三轮反馈回复.pdf,3909,582,12.90,154.84,12.00
688-688112.SH_鼎阳科技_一轮反馈回复.pdf,12327,2620,0.00,0.00,10.56
905-688565.SH_力源科技_二轮反馈回复.pdf,3230,567,25.21,266.25,10.56
320-688120.SH_华海清科_一轮反馈回复.pdf,12088,2625,450.11,4726.14,10.50
1105-688550.SH_瑞联新材_二轮反馈回复.pdf,3237,354,0.00,0.00,9.00
243-688023.SH_安恒信息_一轮反馈回复.pdf,11918,3523,191.51,1746.60,9.12
396-688015.SH_交控科技_一轮反馈回复.pdf,7166,1320,63.05,665.80,10.56
1082-688060.SH_云涌科技_一轮反馈回复.pdf,8992,1897,95.05,855.41,9.00
230-688459.SH_哈铁科技_一轮反馈回复.pdf,11911,2165,0.00,0.00,9.00
661-688091.SH_上海谊众-U_一轮反馈回复.pdf,10021,2074,296.85,2671.65,9.00
196-688135.SH_利扬芯片_二轮反馈回复.pdf,2983,328,0.00,0.00,9.00
246-688767.SH_博拓生物_二轮反馈回复.pdf,4410,744,178.77,1608.96,9.00
291-688416.SH_恒烁股份_一轮反馈回复.pdf,9294,1795,35.78,429.40,12.00
1053-688159.SH_有方科技_一轮反馈回复.pdf,14760,3569,71.63,644.70,9.00
1108-688513.SH_苑东生物_三轮反馈回复.pdf,3430,545,153.08,1377.72,9.00
141-688117.SH_圣诺生物_一轮反馈回复.pdf,11567,1990,332.63,2993.63,9.00
675-688114.SH_华大智造_一轮反馈回复.pdf,28773,5800,598.51,5386.58,9.00
779-688003.SH_天准科技_一轮反馈回复.pdf,8548,1684,123.12,1292.76,10.50
986-688122.SH_西部超导_二轮反馈回复.pdf,2241,283,0.00,0.00,9.00
782-688260.SH_昀冢科技_二轮反馈回复.pdf,3432,911,59.69,537.25,9.00
383-688116.SH_天奈科技_三轮反馈回复.pdf,784,112,0.00,0.00,9.00
211-688090.SH_瑞松科技_二轮反馈回复.pdf,8668,1425,0.00,0.00,9.00
101-688722.SH_同益中_三轮反馈回复.pdf,1513,355,70.97,745.17,10.50
870-688158.SH_优刻得-W_二轮反馈回复.pdf,5576,1424,88.73,798.56,9.00
937-688119.SH_中钢洛耐_二轮反馈回复.pdf,3725,1906,0.00,0.00,10.56
536-688108.SH_赛诺医疗_四轮反馈回复.pdf,1032,242,0.00,0.00,9.20
71-688326.SH_经纬恒润-W_二轮反馈回复.pdf,3793,923,87.63,962.14,10.98
119-688369.SH_致远互联_四轮反馈回复.pdf,1582,327,234.92,2114.25,9.00
321-688396.SH_华润微_二轮反馈回复.pdf,5936,1142,502.43,5305.61,10.56
740-688213.SH_思特威-W_二轮反馈回复.pdf,3144,450,24.90,262.95,10.56
795-688013.SH_天臣医疗_一轮反馈回复.pdf,8565,1564,31.17,280.56,9.00
709-688575.SH_亚辉龙_一轮反馈回复.pdf,14524,6456,50.65,455.85,9.00
189-688268.SH_华特气体_二轮反馈回复.pdf,8003,1602,384.53,3460.80,9.00
426-688185.SH_康希诺_一轮反馈回复.pdf,9451,1352,66.99,602.90,9.00
72-688326.SH_经纬恒润-W_一轮反馈回复.pdf,6113,1437,270.98,2831.76,10.45
799-688199.SH_久日新材_三轮反馈回复.pdf,5549,1374,22.86,205.75,9.00
797-688599.SH_天合光能_二轮反馈回复.pdf,11695,2602,91.04,819.37,9.00
866-688362.SH_甬矽电子_二轮反馈回复.pdf,5783,1339,104.58,941.26,9.00
42-688181.SH_八亿时空_二轮反馈回复.pdf,7843,2197,137.50,1430.00,10.40
65-688500.SH_慧辰股份_一轮反馈回复.pdf,18116,3658,99.94,899.45,9.00
366-688096.SH_京源环保_二轮反馈回复.pdf,6836,1251,211.94,1907.42,9.00
775-688533.SH_上声电子_一轮反馈回复.pdf,10910,2681,114.37,1029.35,9.00
863-688382.SH_益方生物-U_三轮反馈回复.pdf,1883,187,20.99,188.95,9.00
391-688258.SH_卓易信息_一轮反馈回复.pdf,14761,3449,344.74,3102.65,9.00
563-688030.SH_山石网科_一轮反馈回复.pdf,15458,3883,91.91,965.10,10.50
668-688036.SH_传音控股_三轮反馈回复.pdf,3217,1806,46.28,416.54,9.00
439-688136.SH_科兴制药_一轮反馈回复.pdf,11484,2168,225.79,2032.14,9.00
1186-688800.SH_瑞可达_二轮反馈回复.pdf,6318,1444,293.58,3100.25,10.56
910-688320.SH_禾川科技_一轮反馈回复.pdf,5054,1174,75.17,789.24,10.50
505-688428.SH_诺诚健华-U_二轮反馈回复.pdf,1775,206,0.00,0.00,9.00
951-688568.SH_中科星图_六轮反馈回复.pdf,1224,290,0.00,0.00,9.00
1169-688067.SH_爱威科技_一轮反馈回复.pdf,14295,4423,145.53,1746.40,12.00
75-688316.SH_青云科技-U_二轮反馈回复.pdf,3866,862,61.20,550.78,9.00
887-688555.SH_泽达_三轮反馈回复.pdf,3725,574,72.49,652.39,9.00
295-688088.SH_虹软科技_三轮反馈回复.pdf,3573,991,74.29,668.58,9.00
751-688262.SH_国芯科技_二轮反馈回复.pdf,2799,396,0.00,0.00,9.00
102-688722.SH_同益中_二轮反馈回复.pdf,4969,941,194.82,2045.63,10.50
1093-688229.SH_博睿数据_二轮反馈回复.pdf,1772,202,9.96,105.15,10.56
640-688217.SH_睿昂基因_一轮反馈回复.pdf,12431,3103,16.46,181.71,11.04
1199-688257.SH_新锐股份_三轮反馈回复.pdf,475,22,0.00,0.00,9.00
1134-688656.SH_浩欧博_二轮反馈回复.pdf,3958,1212,68.80,726.50,10.56
722-688383.SH_新益昌_二轮反馈回复.pdf,4464,874,239.07,2151.65,9.00
207-688086.SH_紫晶_二轮反馈回复.pdf,8757,1370,660.65,5945.81,9.00
1158-688315.SH_诺禾致源_二轮反馈回复.pdf,2235,553,0.00,0.00,9.00
275-688251.SH_井松智能_二轮反馈回复.pdf,5547,918,126.81,1331.50,10.50
89-688169.SH_石头科技_一轮反馈回复.pdf,12309,3208,99.53,1045.08,10.50
110-688339.SH_亿华通-U_四轮反馈回复.pdf,5741,744,60.28,604.00,10.02
333-688246.SH_嘉和美康_四轮反馈回复.pdf,2876,538,0.00,0.00,9.00
210-688090.SH_瑞松科技_三轮反馈回复.pdf,3163,615,17.13,157.60,9.20
9-688419.SH_耐科装备_二轮反馈回复.pdf,9196,2684,893.53,8041.80,9.00
836-688333.SH_铂力特_三轮反馈回复.pdf,1552,236,0.00,0.00,9.00
1006-688366.SH_昊海生科_一轮反馈回复.pdf,9366,2135,270.72,2436.50,9.00
879-688348.SH_昱能科技_二轮反馈回复.pdf,2070,375,351.60,3164.43,9.00
886-688555.SH_泽达_四轮反馈回复.pdf,2286,295,39.11,410.69,10.50
45-688198.SH_佰仁医疗_四轮反馈回复.pdf,1916,281,0.00,0.00,9.00
67-688356.SH_键凯科技_二轮反馈回复.pdf,3400,554,34.32,360.40,10.50
850-688663.SH_新风光_二轮反馈回复.pdf,2929,612,211.62,1904.62,9.00
326-688363.SH_华熙生物_一轮反馈回复.pdf,12167,3249,46.16,415.45,9.00
1090-688418.SH_震有科技_一轮反馈回复.pdf,17010,3615,202.23,1820.05,9.00
1147-688616.SH_西力科技_一轮反馈回复.pdf,10521,2306,105.05,945.42,9.00
227-688232.SH_新点软件_二轮反馈回复.pdf,2471,566,0.00,0.00,9.00
278-688551.SH_科威尔_一轮反馈回复.pdf,10210,2124,272.49,2877.45,10.56
220-688083.SH_中望软件_一轮反馈回复.pdf,13501,3604,127.46,1338.37,10.50
777-688093.SH_世华科技_一轮反馈回复.pdf,8568,1139,0.00,0.00,11.04
629-688373.SH_盟科药业-U_二轮反馈回复.pdf,3197,501,82.21,739.85,9.00
397-688517.SH_金冠电气_二轮反馈回复.pdf,3563,698,0.00,0.00,10.56
534-688480.SH_赛恩斯_二轮反馈回复.pdf,10968,1884,22.02,198.18,9.00
1213-688391.SH_钜泉科技_一轮反馈回复.pdf,11309,2281,472.28,4250.55,9.00
1117-688133.SH_泰坦科技_一轮反馈回复.pdf,9226,1759,281.50,2533.51,9.00
432-688305.SH_科德数控_二轮反馈回复.pdf,3327,519,0.00,0.00,9.00
632-688265.SH_南模生物_二轮反馈回复.pdf,6199,981,34.59,365.29,10.56
586-688073.SH_毕得医药_二轮反馈回复.pdf,5781,1441,12.88,135.25,10.50
978-688187.SH_时代电气_二轮反馈回复.pdf,4881,820,8.22,74.00,9.00
286-688313.SH_仕佳光子_一轮反馈回复.pdf,8611,2276,221.03,1989.30,9.00
212-688090.SH_瑞松科技_一轮反馈回复.pdf,22732,6361,243.83,2194.48,9.00
1168-688067.SH_爱威科技_二轮反馈回复.pdf,7667,1729,722.49,3988.14,5.52
903-688577.SH_浙海德曼_二轮反馈回复.pdf,2786,558,47.73,429.60,9.00
1029-688138.SH_清溢光电_一轮反馈回复.pdf,12475,2574,239.82,2518.14,10.50
897-688360.SH_德马科技_二轮反馈回复.pdf,3661,1021,0.00,0.00,9.00
552-688021.SH_奥福环保_一轮反馈回复.pdf,10800,2473,129.76,1167.85,9.00
154-688259.SH_创耀科技_一轮反馈回复.pdf,17804,4434,22.29,200.60,9.00
1201-688257.SH_新锐股份_一轮反馈回复.pdf,12896,3151,123.35,1110.15,9.00
992-688029.SH_南微医学_一轮反馈回复.pdf,15590,3685,383.08,4022.31,10.50
568-688102.SH_斯瑞新材_二轮反馈回复.pdf,4349,616,74.84,673.60,9.00
819-688510.SH_航亚科技_一轮反馈回复.pdf,11125,2510,112.68,1183.18,10.50
652-688155.SH_先惠技术_二轮反馈回复.pdf,3057,462,64.57,581.17,9.00
643-688085.SH_三友医疗_一轮反馈回复.pdf,14106,3516,558.39,5025.49,9.00
125-688166.SH_博瑞医药_一轮反馈回复.pdf,17172,4277,0.00,0.00,9.00
570-688179.SH_阿拉丁_二轮反馈回复.pdf,2945,902,66.41,597.70,9.00
1016-688202.SH_美迪西_二轮反馈回复.pdf,4696,979,136.36,1227.22,9.00
858-688035.SH_德邦科技_二轮反馈回复.pdf,2879,533,5.45,49.06,9.00
902-688298.SH_东方生物_一轮反馈回复.pdf,8422,1694,39.43,362.80,9.20
941-688128.SH_中国电研_一轮反馈回复.pdf,17656,3385,66.63,599.68,9.00
428-688027.SH_国盾量子_三轮反馈回复.pdf,2727,543,0.00,0.00,9.00
1133-688656.SH_浩欧博_三轮反馈回复.pdf,10200,2633,24.11,216.95,9.00
942-688425.SH_铁建重工_二轮反馈回复.pdf,1641,609,19.84,208.35,10.50
993-688006.SH_杭可科技_三轮反馈回复.pdf,1424,304,0.00,0.00,9.00
300-688237.SH_超卓航科_一轮反馈回复.pdf,8764,1195,289.41,2604.70,9.00
477-688248.SH_南网科技_一轮反馈回复.pdf,18175,4742,636.58,7638.94,12.00
702-688618.SH_三旺通信_二轮反馈回复.pdf,1970,470,0.00,0.00,9.00
884-688327.SH_云从科技-UW_一轮反馈回复.pdf,28107,5689,503.20,5283.56,10.50
682-688323.SH_瑞华泰_一轮反馈回复.pdf,10024,2432,57.24,604.45,10.56
743-688553.SH_汇宇制药-W_一轮反馈回复.pdf,18801,3139,37.88,340.88,9.00
261-688290.SH_景业智能_三轮反馈回复.pdf,2325,445,0.00,0.00,9.00
1086-688589.SH_力合微_一轮反馈回复.pdf,15523,4194,158.14,1423.28,9.00
1072-688004.SH_博汇科技_一轮反馈回复.pdf,14999,3453,108.94,980.50,9.00
735-688082.SH_盛美上海_一轮反馈回复.pdf,6708,1507,66.10,594.89,9.00
958-688285.SH_高铁电气_一轮反馈回复.pdf,15690,4232,267.66,2408.90,9.00
231-688011.SH_新光光电_二轮反馈回复.pdf,4809,1186,18.92,170.25,9.00
515-688221.SH_前沿生物-U_二轮反馈回复.pdf,5990,694,280.15,2521.36,9.00
398-688517.SH_金冠电气_一轮反馈回复.pdf,10665,1906,98.75,888.75,9.00
1084-688077.SH_大地熊_一轮反馈回复.pdf,17298,3948,508.64,4577.80,9.00
436-688468.SH_科美诊断_二轮反馈回复.pdf,2259,483,3.75,39.42,10.50
883-688327.SH_云从科技-UW_二轮反馈回复.pdf,12576,2264,79.88,718.90,9.00
1116-688133.SH_泰坦科技_二轮反馈回复.pdf,4645,1023,333.42,3000.82,9.00
322-688396.SH_华润微_一轮反馈回复.pdf,20336,4744,24.88,261.20,10.50
382-688399.SH_硕世生物_一轮反馈回复.pdf,12343,1873,121.60,1094.36,9.00
719-688321.SH_微芯生物_三轮反馈回复.pdf,610,81,237.58,2138.25,9.00
1083-688077.SH_大地熊_二轮反馈回复.pdf,2077,314,52.82,557.75,10.56
1097-688379.SH_华光新材_二轮反馈回复.pdf,2638,398,0.00,0.00,9.00
503-688697.SH_纽威数控_二轮反馈回复.pdf,3791,626,43.11,432.00,10.02
1204-688236.SH_春立医疗_一轮反馈回复.pdf,15818,4325,42.27,380.44,9.00
1012-688058.SH_宝兰德_一轮反馈回复.pdf,6992,1333,105.63,950.70,9.00
600-688206.SH_概伦电子_二轮反馈回复.pdf,1089,34,23.01,207.10,9.00
729-688037.SH_芯源微_一轮反馈回复.pdf,14369,3054,165.91,1493.16,9.00
260-688130.SH_晶华微_一轮反馈回复.pdf,12307,2891,139.79,1258.15,9.00
63-688500.SH_慧辰股份_三轮反馈回复.pdf,3808,910,43.74,402.45,9.20
490-688580.SH_伟思医疗_二轮反馈回复.pdf,2624,301,6.76,70.96,10.50
988-688020.SH_方邦股份_二轮反馈回复.pdf,2819,562,34.39,309.48,9.00
185-688662.SH_富信科技_二轮反馈回复.pdf,3148,539,35.17,371.35,10.56
318-688779.SH_长远锂科_一轮反馈回复.pdf,11222,1799,408.09,3672.82,9.00
122-688369.SH_致远互联_一轮反馈回复.pdf,13599,3337,143.21,1288.88,9.00
78-688068.SH_热景生物_三轮反馈回复.pdf,2627,419,113.28,1019.55,9.00
598-688335.SH_复洁环保_二轮反馈回复.pdf,5068,914,156.03,1404.31,9.00
461-688051.SH_佳华科技_四轮反馈回复.pdf,2562,325,0.00,0.00,10.56
1152-688606.SH_奥泰生物_一轮反馈回复.pdf,7240,1137,62.47,655.95,10.50
510-688337.SH_普源精电-U_二轮反馈回复.pdf,4052,853,0.00,0.00,10.50
530-688190.SH_云路股份_二轮反馈回复.pdf,6565,1078,71.62,644.60,9.00
712-688312.SH_燕麦科技_一轮反馈回复.pdf,12046,2221,328.49,2956.40,9.00
99-688569.SH_铁科轨道_二轮反馈回复.pdf,3348,710,0.00,0.00,10.56
1102-688408.SH_中信博_一轮反馈回复.pdf,15191,2925,264.95,2384.54,9.00
664-688121.SH_卓然股份_二轮反馈回复.pdf,3475,677,19.45,205.40,10.56
703-688618.SH_三旺通信_一轮反馈回复.pdf,7414,1839,186.09,1674.84,9.00
636-688193.SH_仁度生物_二轮反馈回复.pdf,4005,785,0.00,0.00,10.56
108-688621.SH_阳光诺和_二轮反馈回复.pdf,3600,591,47.17,424.50,9.00
667-688585.SH_上纬新材_一轮反馈回复.pdf,13021,4519,215.47,1939.25,9.00
608-688131.SH_皓元医药_三轮反馈回复.pdf,1145,141,0.00,0.00,9.00
324-688363.SH_华熙生物_三轮反馈回复.pdf,2503,445,0.00,0.00,9.00
111-688339.SH_亿华通-U_三轮反馈回复.pdf,4286,503,0.00,0.00,10.08
369-688426.SH_康为世纪_一轮反馈回复.pdf,8686,1569,55.20,582.95,10.56
121-688369.SH_致远互联_二轮反馈回复.pdf,3348,766,67.15,604.38,9.00
425-688185.SH_康希诺_二轮反馈回复.pdf,3879,630,128.23,1346.40,10.50
422-688123.SH_聚辰股份_一轮反馈回复.pdf,12045,2768,54.80,493.20,9.00
1037-688089.SH_嘉必优_三轮反馈回复.pdf,2702,490,0.00,0.00,9.00
435-688455.SH_科捷智能_一轮反馈回复.pdf,8507,1529,12.85,135.70,10.56
736-688197.SH_首药控股-U_二轮反馈回复.pdf,1041,63,34.72,312.45,9.00
693-688559.SH_海目星_二轮反馈回复.pdf,3528,875,0.00,0.00,10.98
1073-688106.SH_金宏气体_二轮反馈回复.pdf,1556,210,0.00,0.00,9.00
1181-688087.SH_英科再生_二轮反馈回复.pdf,2827,340,67.27,605.44,9.00
273-688586.SH_江航装备_二轮反馈回复.pdf,1384,310,138.77,1465.43,10.56
524-688139.SH_海尔生物_三轮反馈回复.pdf,931,93,0.00,0.00,9.12
15-688600.SH_皖仪科技_二轮反馈回复.pdf,2341,1018,295.58,2660.25,9.00
997-688368.SH_晶丰明源_二轮反馈回复.pdf,3051,574,88.38,795.46,9.00
827-688526.SH_科前生物_二轮反馈回复.pdf,4699,518,0.00,0.00,9.00
304-688275.SH_万润新能_二轮反馈回复.pdf,8250,1523,54.02,486.20,9.00
793-688195.SH_腾景科技_一轮反馈回复.pdf,9638,2216,383.22,3449.01,9.00
59-688200.SH_华峰测控_二轮反馈回复.pdf,2126,355,0.00,0.00,9.00
135-688319.SH_欧林生物_一轮反馈回复.pdf,10322,1803,32.15,289.32,9.00
520-688556.SH_高测股份_一轮反馈回复.pdf,12076,2299,677.73,6099.54,9.00
3-688165.SH_埃夫特-U_二轮反馈回复.pdf,13943,2424,157.34,1416.05,9.00
787-688048.SH_长光华芯_二轮反馈回复.pdf,767,91,15.29,160.52,10.50
414-689009.SH_九号公司-WD_三轮反馈回复.pdf,7783,1669,29.29,307.50,10.50
501-688299.SH_长阳科技_二轮反馈回复.pdf,5696,1038,38.03,342.31,9.00
176-688678.SH_福立旺_一轮反馈回复.pdf,8295,2027,102.14,919.25,9.00
730-688183.SH_生益电子_二轮反馈回复.pdf,6746,1374,249.17,2242.50,9.00
241-688023.SH_安恒信息_三轮反馈回复.pdf,892,266,0.00,0.00,10.40
247-688767.SH_博拓生物_一轮反馈回复.pdf,13174,2645,85.05,765.48,9.00
553-688681.SH_科汇股份_二轮反馈回复.pdf,2824,413,0.00,0.00,9.00
270-688079.SH_美迪凯_一轮反馈回复.pdf,10116,2092,43.48,459.20,10.56
531-688190.SH_云路股份_一轮反馈回复.pdf,16111,2845,548.86,4939.70,9.00
1075-688558.SH_国盛智科_三轮反馈回复.pdf,4125,1138,20.57,216.00,10.50
873-688628.SH_优利德_一轮反馈回复.pdf,14162,3213,64.83,583.44,9.00
445-688557.SH_兰剑智能_一轮反馈回复.pdf,8530,1483,17.82,188.20,10.56
816-688069.SH_德林海_二轮反馈回复.pdf,2328,476,0.00,0.00,9.00
1156-688109.SH_品茗科技_一轮反馈回复.pdf,8918,1658,111.16,1167.20,10.50
913-688127.SH_蓝特光学_二轮反馈回复.pdf,2092,385,0.00,0.00,9.00
1008-688025.SH_杰普特_二轮反馈回复.pdf,7779,1604,185.94,1933.75,10.40
402-688233.SH_神工股份_四轮反馈回复.pdf,2466,627,0.00,0.00,10.56
214-688359.SH_三孚新科_一轮反馈回复.pdf,14393,3912,63.88,574.91,9.00
30-688177.SH_百奥泰_三轮反馈回复.pdf,1735,401,0.00,0.00,10.56
1007-688025.SH_杰普特_三轮反馈回复.pdf,3803,560,85.67,899.52,10.50
1188-688718.SH_唯赛勃_二轮反馈回复.pdf,6553,1117,91.53,823.75,9.00
294-688088.SH_虹软科技_四轮反馈回复.pdf,515,85,0.00,0.00,10.50
817-688069.SH_德林海_一轮反馈回复.pdf,12515,2081,137.10,1233.89,9.00
822-688358.SH_祥生医疗_三轮反馈回复.pdf,525,126,0.00,0.00,9.00
353-688390.SH_固德威_一轮反馈回复.pdf,14553,3754,386.09,3474.81,9.00
475-688376.SH_美埃科技_一轮反馈回复.pdf,11857,2899,178.30,1604.70,9.00
516-688221.SH_前沿生物-U_一轮反馈回复.pdf,15193,2283,81.48,733.35,9.00
588-688061.SH_灿瑞科技_二轮反馈回复.pdf,1739,372,30.92,278.25,9.00
68-688356.SH_键凯科技_一轮反馈回复.pdf,9564,1612,58.11,613.60,10.56
1052-688159.SH_有方科技_二轮反馈回复.pdf,3756,774,24.40,256.15,10.50
460-688051.SH_佳华科技_五轮反馈回复.pdf,2074,333,137.09,1365.45,9.96
690-688210.SH_统联精密_二轮反馈回复.pdf,6058,1444,428.20,3853.84,9.00
578-688293.SH_奥浦迈_二轮反馈回复.pdf,3837,806,69.40,732.90,10.56
456-688047.SH_龙芯中科_二轮反馈回复.pdf,2207,110,20.91,250.95,12.00
763-688017.SH_绿的谐波_二轮反馈回复.pdf,1326,228,13.74,145.10,10.56
1171-688597.SH_煜邦电力_一轮反馈回复.pdf,16270,3498,0.00,0.00,8.04
328-688219.SH_会通股份_一轮反馈回复.pdf,8017,2122,38.14,343.30,9.00
267-688611.SH_杭州柯林_一轮反馈回复.pdf,8062,1880,54.42,574.66,10.56
315-688157.SH_松井股份_二轮反馈回复.pdf,4646,601,21.10,210.12,9.96
802-688819.SH_天能股份_三轮反馈回复.pdf,1386,116,27.06,297.10,10.98
968-688737.SH_中自科技_二轮反馈回复.pdf,4807,1084,33.17,298.50,9.00
1150-688606.SH_奥泰生物_三轮反馈回复.pdf,2201,763,0.00,0.00,10.50
919-688215.SH_瑞晟智能_一轮反馈回复.pdf,12310,3111,155.61,1400.45,9.00
938-688119.SH_中钢洛耐_一轮反馈回复.pdf,17701,6355,91.07,961.75,10.56
1132-688656.SH_浩欧博_四轮反馈回复.pdf,5418,1795,0.00,0.00,9.00
878-688456.SH_有研粉材_一轮反馈回复.pdf,14009,4716,110.62,995.57,9.00
674-688114.SH_华大智造_二轮反馈回复.pdf,9970,1493,168.80,1782.50,10.56
485-688105.SH_诺唯赞_二轮反馈回复.pdf,3331,1072,257.76,2319.85,9.00
131-688283.SH_坤恒顺维_一轮反馈回复.pdf,9162,1778,174.29,1568.60,9.00
483-688273.SH_麦澜德_二轮反馈回复.pdf,3749,491,101.71,915.40,9.00
453-688739.SH_成大生物_一轮反馈回复.pdf,15718,4560,103.91,935.16,9.00
522-688139.SH_海尔生物_五轮反馈回复.pdf,2996,260,58.73,535.65,9.12
979-688187.SH_时代电气_一轮反馈回复.pdf,13441,3021,60.22,632.30,10.50
464-688051.SH_佳华科技_一轮反馈回复.pdf,16510,3727,170.01,1795.30,10.56
932-688267.SH_中触媒_二轮反馈回复.pdf,3155,576,0.00,0.00,9.00
843-688595.SH_芯海科技_二轮反馈回复.pdf,3013,414,0.00,0.00,10.56
191-688388.SH_嘉元科技_三轮反馈回复.pdf,1617,360,23.63,212.65,9.00
609-688131.SH_皓元医药_二轮反馈回复.pdf,4691,723,27.55,290.95,10.56
971-688175.SH_高凌信息_一轮反馈回复.pdf,11151,2530,112.88,1015.90,9.00
271-688367.SH_工大高科_二轮反馈回复.pdf,5145,1232,102.34,921.10,9.00
540-688349.SH_三一重能_二轮反馈回复.pdf,8684,1000,31.75,285.72,9.00
1017-688202.SH_美迪西_一轮反馈回复.pdf,5826,805,43.24,389.16,9.00
869-688158.SH_优刻得-W_三轮反馈回复.pdf,2259,434,16.64,149.75,9.00
528-688677.SH_海泰新光_二轮反馈回复.pdf,3316,411,71.76,645.86,9.00
535-688480.SH_赛恩斯_一轮反馈回复.pdf,14769,2455,162.88,1720.05,10.56
954-688568.SH_中科星图_三轮反馈回复.pdf,3756,638,0.00,0.00,10.50
83-688520.SH_神州细胞-U_三轮反馈回复.pdf,1430,172,0.00,0.00,9.00
891-688186.SH_广大特材_四轮反馈回复.pdf,2350,349,77.98,701.85,9.00
998-688368.SH_晶丰明源_一轮反馈回复.pdf,10621,4121,44.71,402.43,9.00
1063-688318.SH_财富趋势_四轮反馈回复.pdf,1011,110,48.01,506.94,10.56
587-688073.SH_毕得医药_一轮反馈回复.pdf,8862,1877,35.46,372.35,10.50
1049-688026.SH_洁特生物_一轮反馈回复.pdf,17649,4458,177.83,1600.48,9.00
933-688267.SH_中触媒_一轮反馈回复.pdf,10055,2174,44.38,399.40,9.00
47-688198.SH_佰仁医疗_二轮反馈回复.pdf,4584,1152,66.15,698.57,10.56
94-688277.SH_天智航-U_五轮反馈回复.pdf,464,48,0.00,0.00,10.98
865-688382.SH_益方生物-U_一轮反馈回复.pdf,14167,2406,267.38,2406.44,9.00
566-688150.SH_莱特光电_二轮反馈回复.pdf,2023,525,4.46,40.10,9.00
605-688126.SH_沪硅产业-U_一轮反馈回复.pdf,14159,3034,137.53,1237.80,9.00
413-688280.SH_精进电动-UW_一轮反馈回复.pdf,22101,4647,75.48,797.05,10.56
222-688239.SH_航宇科技_一轮反馈回复.pdf,19384,4769,148.50,1568.15,10.56
293-688608.SH_恒玄科技_一轮反馈回复.pdf,6501,1382,29.13,305.85,10.50
303-688275.SH_万润新能_三轮反馈回复.pdf,3458,406,25.53,229.80,9.00
875-688432.SH_有研硅_一轮反馈回复.pdf,9167,1537,166.04,1494.35,9.00
918-688215.SH_瑞晟智能_二轮反馈回复.pdf,5660,899,0.00,0.00,9.00
192-688388.SH_嘉元科技_二轮反馈回复.pdf,4405,1032,68.69,618.25,9.00
995-688006.SH_杭可科技_一轮反馈回复.pdf,11434,2557,173.63,1562.64,9.00
1145-688687.SH_凯因科技_一轮反馈回复.pdf,11766,2042,87.28,916.49,10.50
175-688678.SH_福立旺_二轮反馈回复.pdf,2517,405,32.55,292.91,9.00
287-688626.SH_翔宇医疗_二轮反馈回复.pdf,2606,578,0.00,0.00,10.50
715-688332.SH_中科蓝讯_二轮反馈回复.pdf,4900,641,35.77,375.64,10.50
748-688665.SH_四方光电_一轮反馈回复.pdf,7589,1092,414.24,3728.14,9.00
1211-688170.SH_德龙激光_一轮反馈回复.pdf,7680,1887,17.79,187.85,10.56
4-688165.SH_埃夫特-U_一轮反馈回复.pdf,23305,4540,417.73,3759.59,9.00
34-688235.SH_百济神州-U_一轮反馈回复.pdf,18874,2937,182.38,1925.95,10.56
1055-688398.SH_赛特新材_一轮反馈回复.pdf,13779,2680,95.40,858.61,9.00
323-688363.SH_华熙生物_四轮反馈回复.pdf,1402,322,0.00,0.00,9.00
57-688292.SH_浩瀚深度_二轮反馈回复.pdf,3893,590,62.03,655.05,10.56
219-688083.SH_中望软件_二轮反馈回复.pdf,1838,203,21.47,257.60,12.00
1196-688622.SH_禾信仪器_三轮反馈回复.pdf,13564,3175,185.54,1948.20,10.50
970-688175.SH_高凌信息_二轮反馈回复.pdf,2956,508,115.94,1043.45,9.00
283-688238.SH_和元生物_二轮反馈回复.pdf,594,43,65.03,682.80,10.50
216-688227.SH_品高股份_一轮反馈回复.pdf,13344,3296,22.62,203.60,9.00
166-688279.SH_峰岹科技_二轮反馈回复.pdf,1713,276,162.45,1462.05,9.00
811-688153.SH_唯捷创芯-U_一轮反馈回复.pdf,6951,667,137.37,1236.37,9.00
1198-688622.SH_禾信仪器_一轮反馈回复.pdf,21830,4868,54.88,576.20,10.50
1056-688080.SH_映翰通_四轮反馈回复.pdf,4610,1358,0.00,0.00,9.00
594-688385.SH_复旦微电_二轮反馈回复.pdf,4249,1573,0.00,0.00,9.00
87-688169.SH_石头科技_三轮反馈回复.pdf,2380,251,22.02,232.56,10.56
49-688272.SH_富吉瑞_二轮反馈回复.pdf,5074,840,416.31,4371.22,10.50
66-688356.SH_键凯科技_三轮反馈回复.pdf,1734,206,10.53,111.20,10.56
692-688559.SH_海目星_三轮反馈回复.pdf,1795,581,38.33,420.89,10.98
892-688186.SH_广大特材_三轮反馈回复.pdf,3009,505,89.76,807.84,9.00
684-688793.SH_倍轻松_一轮反馈回复.pdf,16105,2668,86.58,779.25,9.00
180-688686.SH_奥普特_一轮反馈回复.pdf,12213,2518,594.28,6275.55,10.56
177-688728.SH_格科微_二轮反馈回复.pdf,2096,234,0.00,0.00,9.00
268-688079.SH_美迪凯_三轮反馈回复.pdf,556,90,0.00,0.00,10.56
1033-688310.SH_迈得医疗_二轮反馈回复.pdf,1757,299,16.47,172.90,10.50
388-688258.SH_卓易信息_四轮反馈回复.pdf,5331,1100,62.96,661.05,10.50
750-688261.SH_东微半导_一轮反馈回复.pdf,6278,1261,245.66,2210.95,9.00
972-688772.SH_珠海冠宇_二轮反馈回复.pdf,6182,998,131.24,1181.19,9.00
43-688181.SH_八亿时空_一轮反馈回复.pdf,10576,2854,125.75,1320.40,10.50
1078-688377.SH_迪威尔_三轮反馈回复.pdf,2917,647,250.02,2250.22,9.00
824-688358.SH_祥生医疗_一轮反馈回复.pdf,9739,2865,574.13,5167.13,9.00
557-688161.SH_威高骨科_三轮反馈回复.pdf,3240,498,159.80,1438.18,9.00
645-688351.SH_微电生理-U_二轮反馈回复.pdf,10316,2166,227.22,1826.86,8.04
1182-688087.SH_英科再生_一轮反馈回复.pdf,11276,2303,324.93,2924.34,9.00
835-688038.SH_中科通达_一轮反馈回复.pdf,12618,4577,242.51,2182.61,9.00
507-688766.SH_普冉股份_三轮反馈回复.pdf,2538,425,0.00,0.00,9.00
812-688516.SH_奥特维_三轮反馈回复.pdf,1970,473,23.43,210.85,9.00
150-688070.SH_纵横股份_一轮反馈回复.pdf,12349,2760,188.39,1989.36,10.56
281-688403.SH_汇成股份_二轮反馈回复.pdf,2660,464,112.11,1008.99,9.00
996-688368.SH_晶丰明源_三轮反馈回复.pdf,2123,430,49.47,445.25,9.00
662-688596.SH_正帆科技_二轮反馈回复.pdf,2579,602,18.35,182.80,9.96
1038-688089.SH_嘉必优_二轮反馈回复.pdf,5893,1163,49.57,446.15,9.00
354-688711.SH_宏微科技_二轮反馈回复.pdf,8843,1668,343.65,3608.36,10.50
14-688679.SH_通源环境_一轮反馈回复.pdf,11593,2787,329.75,2967.78,9.00
714-688395.SH_正弦电气_一轮反馈回复.pdf,13211,3659,88.50,1061.94,12.00
545-688278.SH_特宝生物_三轮反馈回复.pdf,1484,110,0.00,0.00,9.00
871-688158.SH_优刻得-W_一轮反馈回复.pdf,14430,3282,201.58,1814.25,9.00
896-688276.SH_百克生物_一轮反馈回复.pdf,14676,4156,53.31,479.80,9.00
91-688033.SH_天宜上佳_二轮反馈回复.pdf,5708,1061,115.47,1385.64,12.00
19-688659.SH_元琛科技_二轮反馈回复.pdf,5056,1019,352.44,3171.97,9.00
296-688088.SH_虹软科技_二轮反馈回复.pdf,6368,1529,32.70,294.30,9.00
907-688203.SH_海正生材_二轮反馈回复.pdf,1859,1051,36.67,387.20,10.56
650-688372.SH_伟测科技_二轮反馈回复.pdf,1696,328,0.00,0.00,10.56
705-688328.SH_深科达_一轮反馈回复.pdf,11185,3017,53.22,562.05,10.56
1004-688366.SH_昊海生科_三轮反馈回复.pdf,860,130,19.99,179.90,9.00
415-689009.SH_九号公司-WD_二轮反馈回复.pdf,14460,2243,100.44,903.97,9.00
1069-688588.SH_凌志软件_一轮反馈回复.pdf,12126,2578,31.83,286.45,9.00
407-688099.SH_晶晨股份_三轮反馈回复.pdf,1472,156,0.00,0.00,10.56
457-688047.SH_龙芯中科_一轮反馈回复.pdf,2891,345,9.44,113.25,12.00
308-688598.SH_金博股份_一轮反馈回复.pdf,11236,4273,156.57,1644.01,10.50
217-688115.SH_思林杰_二轮反馈回复.pdf,4216,552,238.63,2519.93,10.56
593-688660.SH_电气风电_一轮反馈回复.pdf,12176,2115,11.28,101.50,9.00
297-688088.SH_虹软科技_一轮反馈回复.pdf,10624,2050,104.33,938.95,9.00
282-688403.SH_汇成股份_一轮反馈回复.pdf,10691,2747,284.29,2558.62,9.00
699-688518.SH_联赢激光_一轮反馈回复.pdf,19558,4261,556.43,5007.85,9.00
1184-688799.SH_华纳药厂_二轮反馈回复.pdf,6998,2639,40.37,426.30,10.56
558-688161.SH_威高骨科_二轮反馈回复.pdf,7507,1174,13.07,137.99,10.56
651-688372.SH_伟测科技_一轮反馈回复.pdf,7987,2459,0.00,0.00,12.00
124-688166.SH_博瑞医药_二轮反馈回复.pdf,7825,1578,19.87,178.85,9.00
387-688176.SH_亚虹医药-U_一轮反馈回复.pdf,9809,1525,244.80,2203.24,9.00
676-688617.SH_惠泰医疗_二轮反馈回复.pdf,4517,999,1.11,11.64,10.50
1129-688699.SH_明微电子_一轮反馈回复.pdf,9688,2112,111.69,1005.24,9.00
529-688677.SH_海泰新光_一轮反馈回复.pdf,11103,2041,528.72,4758.47,9.00
738-688536.SH_思瑞浦_二轮反馈回复.pdf,911,110,0.00,0.00,12.00
982-688167.SH_炬光科技_二轮反馈回复.pdf,1351,176,0.00,0.00,10.50
329-688378.SH_奥来德_二轮反馈回复.pdf,2274,801,19.71,206.99,10.50
494-688306.SH_均普智能_三轮反馈回复.pdf,4636,1757,22.84,205.55,9.00
465-688619.SH_罗普特_三轮反馈回复.pdf,2536,440,47.05,423.45,9.00
1041-688078.SH_龙软科技_五轮反馈回复.pdf,9631,4523,239.00,2150.96,9.00
392-688786.SH_悦安新材_二轮反馈回复.pdf,2556,391,259.86,2728.55,10.50
681-688323.SH_瑞华泰_二轮反馈回复.pdf,2243,189,0.00,0.00,10.56
1-688165.SH_埃夫特-U_四轮反馈回复.pdf,2170,130,16.82,151.35,9.00
904-688577.SH_浙海德曼_一轮反馈回复.pdf,14801,4580,153.19,1617.65,10.56
64-688500.SH_慧辰股份_二轮反馈回复.pdf,8209,1566,7.58,68.25,9.00
509-688766.SH_普冉股份_一轮反馈回复.pdf,11956,3666,0.00,0.00,10.56
618-688682.SH_霍莱沃_二轮反馈回复.pdf,3571,652,127.64,1148.80,9.00
184-688148.SH_芳源股份_一轮反馈回复.pdf,12352,2971,303.69,2733.17,9.00
800-688199.SH_久日新材_二轮反馈回复.pdf,3354,743,0.00,0.00,9.00
792-688195.SH_腾景科技_二轮反馈回复.pdf,3345,522,124.29,1118.60,9.00
837-688333.SH_铂力特_二轮反馈回复.pdf,6079,1106,0.00,0.00,9.00
301-688151.SH_华强科技_二轮反馈回复.pdf,2382,334,0.00,0.00,10.56
711-688312.SH_燕麦科技_二轮反馈回复.pdf,4420,747,39.12,413.15,10.56
193-688388.SH_嘉元科技_一轮反馈回复.pdf,9541,2198,76.59,689.34,9.00
980-688256.SH_寒武纪-U_二轮反馈回复.pdf,2011,212,0.00,0.00,10.50
1173-688216.SH_气派科技_一轮反馈回复.pdf,12027,2366,63.84,674.16,10.56
1068-688588.SH_凌志软件_二轮反馈回复.pdf,3489,798,0.00,0.00,9.00
479-688448.SH_磁谷科技_一轮反馈回复.pdf,7043,1836,71.70,860.40,12.00
538-688108.SH_赛诺医疗_二轮反馈回复.pdf,6530,1361,96.56,888.34,9.20
173-688095.SH_福昕软件_二轮反馈回复.pdf,705,53,0.00,0.00,9.00
190-688268.SH_华特气体_一轮反馈回复.pdf,12819,2547,24.08,216.72,9.00
1153-688329.SH_艾隆科技_二轮反馈回复.pdf,7963,2697,40.55,364.91,9.00
778-688003.SH_天准科技_二轮反馈回复.pdf,1876,279,15.36,161.25,10.50
341-688218.SH_江苏北人_三轮反馈回复.pdf,1252,157,0.00,0.00,9.00
1161-688201.SH_信安世纪_一轮反馈回复.pdf,17721,3283,52.92,476.30,9.00
1080-688377.SH_迪威尔_一轮反馈回复.pdf,18199,5058,150.66,1355.90,9.00
221-688239.SH_航宇科技_二轮反馈回复.pdf,8574,1294,334.78,3012.98,9.00
555-688234.SH_天岳先进_二轮反馈回复.pdf,855,125,68.19,715.95,10.50
689-688210.SH_统联精密_三轮反馈回复.pdf,1831,312,449.17,4042.57,9.00
452-688739.SH_成大生物_二轮反馈回复.pdf,3741,1123,0.00,0.00,9.12
225-688707.SH_振华新材_二轮反馈回复.pdf,7653,1148,21.29,191.60,9.00
134-688319.SH_欧林生物_二轮反馈回复.pdf,4041,687,103.76,1095.75,10.56
256-688288.SH_鸿泉物联_三轮反馈回复.pdf,970,148,137.62,1238.54,9.00
1101-688408.SH_中信博_二轮反馈回复.pdf,4165,1220,37.85,454.15,12.00
197-688135.SH_利扬芯片_一轮反馈回复.pdf,9723,1800,167.87,1510.84,9.00
370-688607.SH_康众医疗_二轮反馈回复.pdf,1459,155,0.00,0.00,10.56
541-688349.SH_三一重能_一轮反馈回复.pdf,25896,5292,437.43,5249.16,12.00
867-688362.SH_甬矽电子_一轮反馈回复.pdf,11914,2839,607.89,5471.05,9.00
815-688069.SH_德林海_三轮反馈回复.pdf,2807,546,0.00,0.00,9.00
22-688019.SH_安集科技_一轮反馈回复.pdf,8061,1280,270.86,2860.31,10.56
928-688509.SH_正元地信_二轮反馈回复.pdf,10263,1729,307.59,2768.33,9.00
548-688579.SH_山大地纬_三轮反馈回复.pdf,2920,605,33.66,302.95,9.00
694-688559.SH_海目星_一轮反馈回复.pdf,10736,2325,0.00,0.00,12.00
911-688296.SH_和达科技_二轮反馈回复.pdf,3069,548,22.77,204.96,9.00
571-688179.SH_阿拉丁_一轮反馈回复.pdf,10826,2905,386.35,3477.11,9.00
133-688311.SH_盟升电子_一轮反馈回复.pdf,13595,3227,369.90,3329.10,9.00
342-688218.SH_江苏北人_二轮反馈回复.pdf,3505,435,10.14,91.30,9.00
665-688121.SH_卓然股份_一轮反馈回复.pdf,13430,2731,185.27,1956.48,10.56
170-688567.SH_孚能科技_一轮反馈回复.pdf,32121,6603,517.82,4660.36,9.00
1048-688026.SH_洁特生物_二轮反馈回复.pdf,4600,886,63.66,572.95,9.00
859-688035.SH_德邦科技_一轮反馈回复.pdf,10175,2624,0.00,0.00,9.20
946-688009.SH_中国通号_一轮反馈回复.pdf,14531,3665,15.82,173.75,10.98
421-688123.SH_聚辰股份_二轮反馈回复.pdf,3922,689,0.00,0.00,9.00
1092-688336.SH_三生国健_一轮反馈回复.pdf,24454,11878,145.86,1312.70,9.00
263-688290.SH_景业智能_一轮反馈回复.pdf,7984,1403,25.18,226.65,9.00
1024-688111.SH_金山办公_四轮反馈回复.pdf,977,59,123.88,1114.89,9.00
619-688682.SH_霍莱沃_一轮反馈回复.pdf,9804,1838,268.88,2823.21,10.50
368-688426.SH_康为世纪_二轮反馈回复.pdf,3308,800,63.60,667.85,10.50
851-688663.SH_新风光_一轮反馈回复.pdf,12842,2912,222.22,1999.95,9.00
1209-688163.SH_赛伦生物_一轮反馈回复.pdf,10757,2261,295.40,2658.60,9.00
1087-688508.SH_芯朋微_二轮反馈回复.pdf,4856,1135,91.18,820.65,9.00
309-688189.SH_南新制药_三轮反馈回复.pdf,3031,534,43.83,460.25,10.50
964-688012.SH_中微公司_一轮反馈回复.pdf,8315,1443,180.54,1624.84,9.00
646-688351.SH_微电生理-U_一轮反馈回复.pdf,14263,4693,205.37,1848.30,9.00
482-688273.SH_麦澜德_三轮反馈回复.pdf,2804,594,0.00,0.00,9.00
762-688137.SH_近岸蛋白_一轮反馈回复.pdf,10251,1775,145.68,1311.12,9.00
1026-688111.SH_金山办公_二轮反馈回复.pdf,4055,864,103.54,931.85,9.00
312-688152.SH_麒麟信安_二轮反馈回复.pdf,4554,1000,284.25,2984.60,10.50
279-688630.SH_芯碁微装_二轮反馈回复.pdf,5076,1008,40.39,426.50,10.56
44-688198.SH_佰仁医疗_五轮反馈回复.pdf,2422,340,127.09,1143.80,9.00
253-688365.SH_光云科技_一轮反馈回复.pdf,16040,3732,331.71,3483.00,10.50
956-688568.SH_中科星图_一轮反馈回复.pdf,17400,3097,432.77,3981.48,9.20
1010-688058.SH_宝兰德_三轮反馈回复.pdf,2421,427,0.00,0.00,9.00
372-688113.SH_联测科技_二轮反馈回复.pdf,1175,222,0.00,0.00,9.00
758-688001.SH_华兴源创_三轮反馈回复.pdf,757,43,0.00,0.00,9.20
365-688096.SH_京源环保_三轮反馈回复.pdf,5387,838,0.00,0.00,9.00
930-688191.SH_智洋创新_二轮反馈回复.pdf,3385,776,32.98,296.85,9.00
100-688569.SH_铁科轨道_一轮反馈回复.pdf,13804,3522,151.42,1589.86,10.50
504-688697.SH_纽威数控_一轮反馈回复.pdf,13891,3585,97.26,974.58,10.02
272-688367.SH_工大高科_一轮反馈回复.pdf,15555,3300,39.43,354.90,9.00
569-688102.SH_斯瑞新材_一轮反馈回复.pdf,14576,3611,228.93,2060.39,9.00
199-688325.SH_赛微微电_一轮反馈回复.pdf,5978,1185,256.28,2306.56,9.00
614-688330.SH_宏力达_二轮反馈回复.pdf,2950,606,0.00,0.00,9.00
314-688157.SH_松井股份_三轮反馈回复.pdf,1830,301,50.88,509.79,10.02
844-688595.SH_芯海科技_一轮反馈回复.pdf,12873,2969,102.04,1224.43,12.00
899-688298.SH_东方生物_四轮反馈回复.pdf,3340,881,137.75,1239.71,9.00
517-688501.SH_青达环保_二轮反馈回复.pdf,2979,510,29.49,265.45,9.00
1139-688669.SH_聚石化学_一轮反馈回复.pdf,16322,5613,134.70,1414.35,10.50
486-688105.SH_诺唯赞_一轮反馈回复.pdf,13662,3190,444.18,4663.90,10.50
1212-688391.SH_钜泉科技_二轮反馈回复.pdf,5091,621,0.00,0.00,9.00
50-688272.SH_富吉瑞_一轮反馈回复.pdf,15948,4041,598.82,5389.41,9.00
344-688182.SH_灿勤科技_二轮反馈回复.pdf,2775,517,87.41,786.66,9.00
1121-688160.SH_步科股份_二轮反馈回复.pdf,3760,483,136.66,1443.17,10.56
960-688380.SH_中微半导_一轮反馈回复.pdf,8649,2125,26.62,319.40,12.00
162-688129.SH_东来技术_二轮反馈回复.pdf,3368,680,119.14,1072.30,9.00
394-688015.SH_交控科技_三轮反馈回复.pdf,833,258,0.00,0.00,10.56
2-688165.SH_埃夫特-U_三轮反馈回复.pdf,9440,1377,0.00,0.00,9.00
1034-688310.SH_迈得医疗_一轮反馈回复.pdf,9035,1820,109.49,985.40,9.00
127-688776.SH_国光电气_一轮反馈回复.pdf,15147,3065,66.91,602.16,9.00
280-688630.SH_芯碁微装_一轮反馈回复.pdf,8355,1435,98.39,1180.68,12.00
307-688598.SH_金博股份_二轮反馈回复.pdf,2755,955,252.98,2276.82,9.00
1159-688315.SH_诺禾致源_一轮反馈回复.pdf,10030,1998,45.54,409.90,9.00
237-688676.SH_金盘科技_二轮反馈回复.pdf,7132,1498,29.41,310.60,10.56
1096-688519.SH_南亚新材_一轮反馈回复.pdf,5866,1035,145.32,1534.62,10.56
203-688173.SH_希荻微_一轮反馈回复.pdf,14141,2537,82.42,741.75,9.00
269-688079.SH_美迪凯_二轮反馈回复.pdf,3256,541,0.00,0.00,10.50
497-688005.SH_容百科技_二轮反馈回复.pdf,4098,862,27.32,245.90,9.00
1178-688499.SH_利元亨_一轮反馈回复.pdf,12922,3140,305.17,2746.55,9.00
138-688528.SH_秦川物联_二轮反馈回复.pdf,8461,1545,94.05,846.45,9.00
106-688028.SH_沃尔德_一轮反馈回复.pdf,9618,1789,274.26,2468.30,9.00
953-688568.SH_中科星图_四轮反馈回复.pdf,2489,478,0.00,0.00,10.56
306-688598.SH_金博股份_三轮反馈回复.pdf,1259,181,79.31,713.80,9.00
589-688061.SH_灿瑞科技_一轮反馈回复.pdf,6211,1882,20.91,188.20,9.00
1112-688301.SH_奕瑞科技_二轮反馈回复.pdf,5911,955,309.75,3252.38,10.50
41-688181.SH_八亿时空_三轮反馈回复.pdf,6983,2102,210.69,2212.20,10.50
1100-688393.SH_安必平_一轮反馈回复.pdf,10152,2079,161.75,1455.74,9.00
791-688195.SH_腾景科技_三轮反馈回复.pdf,1552,235,39.78,358.00,9.00
718-688252.SH_天德钰_一轮反馈回复.pdf,8396,1875,348.17,3676.70,10.56
1028-688138.SH_清溢光电_二轮反馈回复.pdf,3165,434,0.00,0.00,9.00
764-688017.SH_绿的谐波_一轮反馈回复.pdf,8614,2251,0.00,0.00,10.56
760-688001.SH_华兴源创_一轮反馈回复.pdf,7670,1271,0.00,0.00,9.00
200-688171.SH_纬德信息_二轮反馈回复.pdf,5040,1124,46.75,420.75,9.00
826-688526.SH_科前生物_三轮反馈回复.pdf,5607,798,37.40,336.59,9.00
542-688778.SH_厦钨新能_二轮反馈回复.pdf,2615,270,27.16,244.40,9.00
901-688298.SH_东方生物_二轮反馈回复.pdf,5669,1359,0.00,0.00,9.00
351-688371.SH_菲沃泰_一轮反馈回复.pdf,7274,1451,60.78,547.05,9.00
642-688085.SH_三友医疗_二轮反馈回复.pdf,4416,1013,0.00,0.00,9.00
679-688389.SH_普门科技_二轮反馈回复.pdf,3339,624,0.00,0.00,9.00
472-688062.SH_迈威生物-U_一轮反馈回复.pdf,12573,2566,164.57,1727.97,10.50
90-688033.SH_天宜上佳_三轮反馈回复.pdf,1090,289,0.00,0.00,9.00
906-688565.SH_力源科技_一轮反馈回复.pdf,8655,1574,146.79,1541.34,10.50
228-688232.SH_新点软件_一轮反馈回复.pdf,8676,1697,24.89,224.00,9.00
590-688370.SH_丛麟科技_二轮反馈回复.pdf,3428,649,10.89,98.05,9.00
152-688625.SH_呈和科技_一轮反馈回复.pdf,12237,3703,55.41,498.65,9.00
691-688210.SH_统联精密_一轮反馈回复.pdf,19799,4976,480.35,4323.15,9.00
526-688139.SH_海尔生物_一轮反馈回复.pdf,13317,1854,41.20,375.70,9.12
54-688066.SH_航天宏图_三轮反馈回复.pdf,3993,925,35.65,320.81,9.00
489-688178.SH_万德斯_一轮反馈回复.pdf,8446,1928,87.87,913.87,10.40
251-688039.SH_当虹科技_一轮反馈回复.pdf,11992,2811,125.35,1128.19,9.00
1177-688499.SH_利元亨_二轮反馈回复.pdf,4460,537,52.61,555.55,10.56
1066-688318.SH_财富趋势_一轮反馈回复.pdf,10108,1424,474.50,4270.47,9.00
347-688381.SH_帝奥微_一轮反馈回复.pdf,9375,2004,69.15,622.35,9.00
130-688283.SH_坤恒顺维_二轮反馈回复.pdf,3330,871,0.00,0.00,9.00
622-688180.SH_君实生物-U_二轮反馈回复.pdf,3432,553,0.00,0.00,9.96
696-688788.SH_科思科技_一轮反馈回复.pdf,11866,2644,283.85,2554.64,9.00
316-688157.SH_松井股份_一轮反馈回复.pdf,20571,4665,27.73,276.18,9.96
1027-688111.SH_金山办公_一轮反馈回复.pdf,26354,6991,789.50,7263.37,9.20
710-688312.SH_燕麦科技_三轮反馈回复.pdf,1512,169,72.67,763.04,10.50
874-688432.SH_有研硅_二轮反馈回复.pdf,4620,340,311.03,2799.25,9.00
716-688332.SH_中科蓝讯_一轮反馈回复.pdf,10118,1934,126.83,1339.29,10.56
438-688136.SH_科兴制药_二轮反馈回复.pdf,4435,807,67.67,609.01,9.00
698-688518.SH_联赢激光_二轮反馈回复.pdf,4330,659,257.89,2320.98,9.00
357-688353.SH_华盛锂电_一轮反馈回复.pdf,7066,1311,301.70,2715.34,9.00
500-688299.SH_长阳科技_三轮反馈回复.pdf,3467,965,0.00,0.00,9.00
532-688331.SH_荣昌生物_二轮反馈回复.pdf,2793,1139,0.00,0.00,8.52
842-688314.SH_康拓医疗_一轮反馈回复.pdf,8105,1483,77.58,819.21,10.56
274-688586.SH_江航装备_一轮反馈回复.pdf,11474,3169,266.60,2799.26,10.50
616-688071.SH_华依科技_二轮反馈回复.pdf,6153,927,30.23,317.39,10.50
591-688370.SH_丛麟科技_一轮反馈回复.pdf,4439,1936,56.56,593.90,10.50
258-688288.SH_鸿泉物联_一轮反馈回复.pdf,8068,1833,99.84,994.45,9.96
983-688167.SH_炬光科技_一轮反馈回复.pdf,27525,6885,859.12,9020.73,10.50
252-688365.SH_光云科技_二轮反馈回复.pdf,5597,1055,155.43,1641.30,10.56
424-688228.SH_开普云_一轮反馈回复.pdf,15251,4560,133.37,1200.30,9.00
105-688028.SH_沃尔德_二轮反馈回复.pdf,4438,973,53.23,479.04,9.00
985-688125.SH_安达智能_一轮反馈回复.pdf,2774,570,0.00,0.00,10.56
478-688448.SH_磁谷科技_二轮反馈回复.pdf,8656,2314,141.39,1272.52,9.00
806-688100.SH_威胜信息_二轮反馈回复.pdf,6828,1501,111.77,1173.55,10.50
885-688555.SH_泽达_五轮反馈回复.pdf,1050,130,78.02,702.21,9.00
1039-688089.SH_嘉必优_一轮反馈回复.pdf,12708,2159,88.56,797.00,9.00
939-688128.SH_中国电研_三轮反馈回复.pdf,2374,538,0.00,0.00,9.00
820-688205.SH_德科立_二轮反馈回复.pdf,4748,613,57.89,607.80,10.50
626-688065.SH_凯赛生物_一轮反馈回复.pdf,17496,5035,171.62,1802.04,10.50
687-688112.SH_鼎阳科技_二轮反馈回复.pdf,2314,330,0.00,0.00,10.56
686-688045.SH_必易微_一轮反馈回复.pdf,10094,2045,21.05,221.00,10.50
292-688608.SH_恒玄科技_二轮反馈回复.pdf,1243,195,36.76,386.02,10.50
759-688001.SH_华兴源创_二轮反馈回复.pdf,3187,681,0.00,0.00,9.00
350-688371.SH_菲沃泰_二轮反馈回复.pdf,4214,621,33.15,298.39,9.00
1015-688202.SH_美迪西_三轮反馈回复.pdf,2469,364,0.00,0.00,9.00
1020-688101.SH_三达膜_一轮反馈回复.pdf,11179,2004,191.96,1727.60,9.00
416-689009.SH_九号公司-WD_一轮反馈回复.pdf,31139,5196,226.42,2037.80,9.00
1042-688078.SH_龙软科技_四轮反馈回复.pdf,8827,2948,184.06,1656.58,9.00
140-688117.SH_圣诺生物_二轮反馈回复.pdf,2205,389,0.00,0.00,9.00
310-688189.SH_南新制药_二轮反馈回复.pdf,5012,1073,71.09,639.83,9.00
338-688488.SH_艾迪药业_二轮反馈回复.pdf,8555,1059,267.77,2409.96,9.00
1070-688004.SH_博汇科技_三轮反馈回复.pdf,1610,331,0.00,0.00,10.50
840-688269.SH_凯立新材_一轮反馈回复.pdf,14614,3631,45.00,405.00,9.00
373-688113.SH_联测科技_一轮反馈回复.pdf,9780,2499,103.30,929.73,9.00
857-688225.SH_亚信安全_一轮反馈回复.pdf,16364,3638,328.46,3448.80,10.50
1076-688558.SH_国盛智科_二轮反馈回复.pdf,10574,2454,235.56,2487.52,10.56
255-688032.SH_禾迈股份_一轮反馈回复.pdf,28414,6381,476.67,4290.00,9.00
417-688049.SH_炬芯科技_二轮反馈回复.pdf,11890,2943,52.39,553.25,10.56
69-688291.SH_金橙子_二轮反馈回复.pdf,7061,1310,389.73,3507.56,9.00
1051-688159.SH_有方科技_三轮反馈回复.pdf,2081,432,22.05,198.42,9.00
288-688626.SH_翔宇医疗_一轮反馈回复.pdf,9838,2719,126.50,1328.21,10.50
126-688776.SH_国光电气_二轮反馈回复.pdf,6389,825,0.00,0.00,9.00
195-688683.SH_莱尔科技_一轮反馈回复.pdf,14192,3551,129.47,1165.20,9.00
443-688055.SH_龙腾光电_一轮反馈回复.pdf,8237,1625,127.59,1148.30,9.00
1190-688787.SH_海天瑞声_四轮反馈回复.pdf,2340,224,94.73,852.54,9.00
29-688613.SH_奥精医疗_一轮反馈回复.pdf,7160,1713,178.52,1606.70,9.00
348-688386.SH_泛亚微透_二轮反馈回复.pdf,1573,322,23.10,243.91,10.56
607-688680.SH_海优新材_一轮反馈回复.pdf,12924,4235,162.77,1718.82,10.56
706-688655.SH_迅捷兴_二轮反馈回复.pdf,3262,703,0.00,0.00,10.56
1085-688589.SH_力合微_二轮反馈回复.pdf,1544,188,21.93,230.30,10.50
582-688188.SH_柏楚电子_三轮反馈回复.pdf,2788,939,0.00,0.00,12.00
79-688068.SH_热景生物_二轮反馈回复.pdf,4718,779,47.74,435.35,9.12
488-688178.SH_万德斯_二轮反馈回复.pdf,7286,1496,167.63,1760.09,10.50
544-688278.SH_特宝生物_四轮反馈回复.pdf,1168,97,0.00,0.00,9.00
491-688580.SH_伟思医疗_一轮反馈回复.pdf,11356,2412,22.97,206.75,9.00
285-688313.SH_仕佳光子_二轮反馈回复.pdf,2901,858,232.09,2436.95,10.50
419-688123.SH_聚辰股份_四轮反馈回复.pdf,1668,312,0.00,0.00,9.00
343-688218.SH_江苏北人_一轮反馈回复.pdf,11633,1978,71.45,754.52,10.56
798-688599.SH_天合光能_一轮反馈回复.pdf,31093,12658,421.99,3797.93,9.00
277-688551.SH_科威尔_二轮反馈回复.pdf,1954,206,226.18,2035.59,9.00
1045-688078.SH_龙软科技_一轮反馈回复.pdf,8134,1752,37.60,338.39,9.00
349-688386.SH_泛亚微透_一轮反馈回复.pdf,9016,2125,213.20,2251.41,10.56
33-688235.SH_百济神州-U_二轮反馈回复.pdf,998,74,0.00,0.00,9.00
1146-688616.SH_西力科技_二轮反馈回复.pdf,2182,316,0.00,0.00,9.00
73-688282.SH_理工导航_二轮反馈回复.pdf,3067,582,25.36,228.20,9.00
839-688269.SH_凯立新材_二轮反馈回复.pdf,6791,1912,0.00,0.00,9.00
683-688793.SH_倍轻松_二轮反馈回复.pdf,3130,530,0.00,0.00,9.00
1113-688301.SH_奕瑞科技_一轮反馈回复.pdf,12819,2153,310.71,2796.38,9.00
390-688258.SH_卓易信息_二轮反馈回复.pdf,7130,1527,99.51,895.62,9.00
371-688607.SH_康众医疗_一轮反馈回复.pdf,11084,2134,35.68,374.64,10.50
172-688010.SH_福光股份_一轮反馈回复.pdf,8725,2173,71.84,646.56,9.00
18-688733.SH_壹石通_一轮反馈回复.pdf,13764,2837,157.63,1655.15,10.50
433-688305.SH_科德数控_一轮反馈回复.pdf,14712,3014,125.74,1388.13,11.04
459-688156.SH_路德环境_一轮反馈回复.pdf,15597,2805,93.40,980.66,10.50
580-688212.SH_澳华内镜_二轮反馈回复.pdf,3859,816,0.00,0.00,10.56
132-688311.SH_盟升电子_二轮反馈回复.pdf,3514,703,20.91,188.15,9.00
523-688139.SH_海尔生物_四轮反馈回复.pdf,896,100,0.00,0.00,9.12
139-688528.SH_秦川物联_一轮反馈回复.pdf,15400,4169,8.00,83.20,10.40
579-688293.SH_奥浦迈_一轮反馈回复.pdf,10749,2407,215.01,2270.53,10.56
226-688707.SH_振华新材_一轮反馈回复.pdf,24649,4382,66.47,598.23,9.00
359-688566.SH_吉贝尔_二轮反馈回复.pdf,4203,705,19.36,174.27,9.00
547-688278.SH_特宝生物_一轮反馈回复.pdf,15991,2873,83.16,878.20,10.56
877-688456.SH_有研粉材_二轮反馈回复.pdf,4351,1457,15.80,165.95,10.50
575-688798.SH_艾为电子_一轮反馈回复.pdf,17001,3947,24.90,224.13,9.00
331-688309.SH_恒誉_二轮反馈回复.pdf,2930,599,116.24,1227.48,10.56
572-688578.SH_艾力斯-U_二轮反馈回复.pdf,4072,420,101.94,1076.50,10.56
53-688066.SH_航天宏图_四轮反馈回复.pdf,1748,869,54.60,491.40,9.00
581-688212.SH_澳华内镜_一轮反馈回复.pdf,14710,4244,297.84,3127.28,10.50
774-688533.SH_上声电子_二轮反馈回复.pdf,2730,833,0.00,0.00,9.00
1157-688315.SH_诺禾致源_三轮反馈回复.pdf,2384,535,0.00,0.00,9.00
159-688192.SH_迪哲医药-U_一轮反馈回复.pdf,9714,2082,119.73,1257.17,10.50
70-688291.SH_金橙子_一轮反馈回复.pdf,16077,4060,240.08,2160.69,9.00
669-688036.SH_传音控股_二轮反馈回复.pdf,4796,1064,315.22,2836.95,9.00
330-688378.SH_奥来德_一轮反馈回复.pdf,9511,2927,56.24,593.89,10.56
565-688281.SH_华秦科技_一轮反馈回复.pdf,8561,1227,63.57,572.09,9.00
257-688288.SH_鸿泉物联_二轮反馈回复.pdf,2549,426,120.52,1084.70,9.00
908-688203.SH_海正生材_一轮反馈回复.pdf,10245,2790,272.12,2873.54,10.56
1057-688080.SH_映翰通_三轮反馈回复.pdf,4360,1398,98.86,889.78,9.00
940-688128.SH_中国电研_二轮反馈回复.pdf,10261,1977,184.67,1662.07,9.00
128-688696.SH_极米科技_二轮反馈回复.pdf,2620,764,89.50,805.50,9.00
1021-688300.SH_联瑞新材_三轮反馈回复.pdf,1926,495,21.05,222.30,10.56
1206-688163.SH_赛伦生物_四轮反馈回复.pdf,12690,3006,172.35,1551.12,9.00
148-688070.SH_纵横股份_三轮反馈回复.pdf,2388,272,0.00,0.00,10.56
276-688251.SH_井松智能_一轮反馈回复.pdf,8657,1862,78.82,709.40,9.00
77-688068.SH_热景生物_四轮反馈回复.pdf,540,107,0.00,0.00,9.00
1079-688377.SH_迪威尔_二轮反馈回复.pdf,5042,1347,257.02,2313.16,9.00
118-688244.SH_永信至诚_一轮反馈回复.pdf,11071,1672,330.69,2976.18,9.00
1210-688170.SH_德龙激光_二轮反馈回复.pdf,4151,1360,16.24,171.50,10.56
165-688110.SH_东芯股份_一轮反馈回复.pdf,10813,2815,291.68,2625.11,9.00
470-688357.SH_建龙微纳_一轮反馈回复.pdf,15489,3021,183.94,1655.46,9.00
420-688123.SH_聚辰股份_三轮反馈回复.pdf,1370,138,0.00,0.00,9.00
656-688247.SH_宣泰医药_二轮反馈回复.pdf,3739,687,37.89,341.03,9.00
1058-688080.SH_映翰通_二轮反馈回复.pdf,7818,3054,292.20,2629.84,9.00
1040-688078.SH_龙软科技_六轮反馈回复.pdf,1530,395,0.00,0.00,9.00
393-688786.SH_悦安新材_一轮反馈回复.pdf,10913,3051,111.97,1175.70,10.50
362-688046.SH_药康生物_一轮反馈回复.pdf,3702,587,34.90,418.80,12.00
583-688188.SH_柏楚电子_二轮反馈回复.pdf,6998,2652,35.36,424.30,12.00
183-688148.SH_芳源股份_二轮反馈回复.pdf,4077,785,128.40,1155.60,9.00
149-688070.SH_纵横股份_二轮反馈回复.pdf,4168,647,0.00,0.00,10.50
749-688261.SH_东微半导_二轮反馈回复.pdf,2677,426,23.07,207.60,9.00
1025-688111.SH_金山办公_三轮反馈回复.pdf,3970,840,167.63,1542.16,9.20
1036-688118.SH_普元信息_一轮反馈回复.pdf,12007,2776,0.00,0.00,9.00
380-688399.SH_硕世生物_三轮反馈回复.pdf,3776,567,20.68,186.15,9.00
620-688392.SH_骄成超声_二轮反馈回复.pdf,4959,731,26.80,241.20,9.00
1030-688196.SH_卓越新能_三轮反馈回复.pdf,3587,939,42.80,385.20,9.00
1179-688789.SH_宏华数科_二轮反馈回复.pdf,6257,1500,29.13,321.60,11.04
525-688139.SH_海尔生物_二轮反馈回复.pdf,4724,719,0.00,0.00,9.12
767-688355.SH_明志科技_二轮反馈回复.pdf,5705,1552,108.08,972.69,9.00
1140-688689.SH_银河微电_二轮反馈回复.pdf,3579,832,30.49,321.95,10.56
1074-688106.SH_金宏气体_一轮反馈回复.pdf,13398,2771,196.12,1765.05,9.00
205-688086.SH_紫晶_四轮反馈回复.pdf,5839,1253,354.56,3191.02,9.00
634-688063.SH_派能科技_二轮反馈回复.pdf,1765,130,0.00,0.00,9.20
364-688670.SH_金迪克_一轮反馈回复.pdf,9621,1884,208.09,1872.85,9.00
511-688337.SH_普源精电-U_一轮反馈回复.pdf,10383,1845,92.47,832.19,9.00
1123-688590.SH_新致软件_三轮反馈回复.pdf,2606,405,0.00,0.00,9.00
833-688038.SH_中科通达_三轮反馈回复.pdf,3366,827,44.72,402.50,9.00
298-688237.SH_超卓航科_三轮反馈回复.pdf,2705,180,146.25,1316.25,9.00
5-688050.SH_爱博医疗_二轮反馈回复.pdf,2603,266,0.00,0.00,10.50
853-688303.SH_大全能源_一轮反馈回复.pdf,14911,3245,90.56,956.27,10.56
355-688711.SH_宏微科技_一轮反馈回复.pdf,24053,5100,215.33,2273.93,10.56
761-688137.SH_近岸蛋白_二轮反馈回复.pdf,4097,900,267.94,2411.43,9.00
518-688501.SH_青达环保_一轮反馈回复.pdf,10445,2146,61.86,556.70,9.00
848-688521.SH_芯原股份-U_二轮反馈回复.pdf,6403,1017,22.93,206.40,9.00
1032-688196.SH_卓越新能_一轮反馈回复.pdf,13262,3603,372.10,3348.91,9.00
335-688246.SH_嘉和美康_二轮反馈回复.pdf,11610,2850,0.00,0.00,9.00
717-688252.SH_天德钰_二轮反馈回复.pdf,6188,1335,566.90,5952.50,10.50
1124-688590.SH_新致软件_二轮反馈回复.pdf,2247,326,73.08,657.75,9.00
467-688619.SH_罗普特_一轮反馈回复.pdf,15549,4149,0.92,8.25,9.00
92-688033.SH_天宜上佳_一轮反馈回复.pdf,11805,2743,0.00,0.00,9.00
671-688007.SH_光峰科技_三轮反馈回复.pdf,6475,2898,1.57,16.50,10.50
1130-688560.SH_明冠新材_二轮反馈回复.pdf,2578,370,155.11,1395.95,9.00
943-688425.SH_铁建重工_一轮反馈回复.pdf,11377,2247,0.00,0.00,10.50
1065-688318.SH_财富趋势_二轮反馈回复.pdf,3092,412,261.09,2349.85,9.00
663-688596.SH_正帆科技_一轮反馈回复.pdf,10024,2470,142.05,1414.82,9.96
1202-688236.SH_春立医疗_三轮反馈回复.pdf,2742,263,0.00,0.00,9.00
1203-688236.SH_春立医疗_二轮反馈回复.pdf,2497,295,23.05,207.45,9.00
103-688722.SH_同益中_一轮反馈回复.pdf,12259,2890,132.21,1189.85,9.00
952-688568.SH_中科星图_五轮反馈回复.pdf,1256,262,0.00,0.00,9.00
60-688200.SH_华峰测控_一轮反馈回复.pdf,16823,3829,11.87,106.87,9.00
966-688387.SH_信科移动-U_二轮反馈回复.pdf,3946,1137,39.84,420.75,10.56
473-688376.SH_美埃科技_三轮反馈回复.pdf,1513,233,3.22,28.95,9.00
466-688619.SH_罗普特_二轮反馈回复.pdf,4588,1087,0.92,8.25,9.00
27-688613.SH_奥精医疗_三轮反馈回复.pdf,3623,956,0.00,0.00,10.50
543-688778.SH_厦钨新能_一轮反馈回复.pdf,14283,2031,83.14,764.85,9.20
317-688779.SH_长远锂科_二轮反馈回复.pdf,1647,229,258.26,2324.32,9.00
948-688297.SH_中无人机_一轮反馈回复.pdf,7097,1060,110.98,1172.00,10.56
823-688358.SH_祥生医疗_二轮反馈回复.pdf,2328,584,0.00,0.00,9.00
164-688110.SH_东芯股份_二轮反馈回复.pdf,6810,1215,43.31,389.80,9.00
1160-688201.SH_信安世纪_二轮反馈回复.pdf,4393,952,0.00,0.00,10.50
845-688521.SH_芯原股份-U_五轮反馈回复.pdf,108,0,0.00,0.00,9.00
20-688659.SH_元琛科技_一轮反馈回复.pdf,11311,2648,538.61,4955.18,9.20
612-688538.SH_和辉光电-U_二轮反馈回复.pdf,7050,1240,168.84,1519.56,9.00
770-688690.SH_纳微科技_二轮反馈回复.pdf,2292,420,0.00,0.00,9.00
861-688002.SH_睿创微纳_二轮反馈回复.pdf,3947,656,12.64,113.76,9.00
259-688130.SH_晶华微_二轮反馈回复.pdf,2222,600,111.27,1001.40,9.00
1000-688098.SH_申联生物_四轮反馈回复.pdf,348,24,0.00,0.00,9.00
1183-688799.SH_华纳药厂_三轮反馈回复.pdf,2686,888,23.28,245.85,10.56
849-688521.SH_芯原股份-U_一轮反馈回复.pdf,18670,3910,363.18,3268.65,9.00
649-688016.SH_心脉医疗_一轮反馈回复.pdf,6805,1115,126.42,1327.46,10.50
1081-688060.SH_云涌科技_二轮反馈回复.pdf,4052,1159,64.92,584.25,9.00
1054-688398.SH_赛特新材_二轮反馈回复.pdf,1363,111,0.00,0.00,9.00
113-688339.SH_亿华通-U_一轮反馈回复.pdf,26360,5123,335.89,3358.94,10.00
922-688777.SH_中控技术_二轮反馈回复.pdf,1960,218,0.00,0.00,9.00
888-688555.SH_泽达_二轮反馈回复.pdf,6191,1131,276.25,2917.25,10.56
1067-688588.SH_凌志软件_三轮反馈回复.pdf,1071,152,0.00,0.00,10.56
631-688265.SH_南模生物_三轮反馈回复.pdf,2943,466,95.43,1001.97,10.50
925-688701.SH_卓锦股份_二轮反馈回复.pdf,5330,943,65.56,590.05,9.00
776-688093.SH_世华科技_二轮反馈回复.pdf,2600,436,30.19,271.68,9.00
375-688231.SH_隆达股份_一轮反馈回复.pdf,8191,1722,412.40,3711.60,9.00
752-688262.SH_国芯科技_一轮反馈回复.pdf,18373,4874,112.45,1012.05,9.00
80-688068.SH_热景生物_一轮反馈回复.pdf,10940,1723,217.75,1959.74,9.00
423-688228.SH_开普云_二轮反馈回复.pdf,10984,2563,249.65,2246.85,9.00
1060-688208.SH_道通科技_三轮反馈回复.pdf,2020,381,0.00,0.00,9.12
974-688059.SH_华锐精密_二轮反馈回复.pdf,2902,582,140.00,1259.99,9.00
670-688036.SH_传音控股_一轮反馈回复.pdf,14357,3373,27.15,244.35,9.00
1154-688329.SH_艾隆科技_一轮反馈回复.pdf,12216,3746,17.27,207.25,12.00
794-688013.SH_天臣医疗_二轮反馈回复.pdf,2418,457,0.00,0.00,9.00
408-688099.SH_晶晨股份_二轮反馈回复.pdf,3166,455,10.30,108.72,10.56
916-688184.SH_帕瓦股份_二轮反馈回复.pdf,3915,734,58.33,612.42,10.50
700-688401.SH_路维光电_二轮反馈回复.pdf,1595,214,0.00,0.00,9.00
894-688186.SH_广大特材_一轮反馈回复.pdf,9584,2155,194.16,1747.47,9.00
1047-688026.SH_洁特生物_三轮反馈回复.pdf,2866,547,20.14,181.25,9.00
406-688099.SH_晶晨股份_四轮反馈回复.pdf,1093,268,0.00,0.00,10.56
471-688062.SH_迈威生物-U_二轮反馈回复.pdf,3884,582,8.96,80.64,9.00
117-688244.SH_永信至诚_二轮反馈回复.pdf,4527,698,51.13,460.14,9.00
1011-688058.SH_宝兰德_二轮反馈回复.pdf,2019,216,0.00,0.00,9.00
